feelslike,dew,humidity,precip,precipprob,precipcover,windgust,windspeed,cloudcover,visibility,solarradiation,solarenergy,uvindex,temp
14.6,13.7,94.3,14.114,100.0,45.83,63.4,14.0,96.8,10.4,13.7,1.1,1,14.6
13.5,11.0,83.3,4.043,100.0,29.17,50.6,25.5,78.3,15.9,31.0,2.7,2,13.9
-4.5,-3.4,78.0,17.332,100.0,62.5,48.2,27.8,66.2,11.3,6.9,0.5,1,0.1
-5.2,-6.9,73.1,0.0,0.0,0.0,31.7,17.5,16.1,16.0,40.8,3.5,5,-2.7
-2.2,-2.2,79.8,0.088,100.0,4.17,36.7,18.4,65.9,16.0,42.3,3.7,2,0.9
1.2,-4.7,59.3,0.0,0.0,0.0,31.7,14.3,73.2,15.9,72.8,6.3,4,3.0
-7.6,-9.3,58.2,3.546,100.0,25.0,51.6,36.4,55.5,14.0,92.0,7.8,5,-1.7
-6.7,-12.1,50.5,0.0,0.0,0.0,30.2,15.5,10.0,16.0,87.8,7.5,4,-3.1
-0.7,-2.2,72.6,11.045,100.0,41.67,42.1,19.1,72.1,14.2,17.5,1.6,1,2.5
-4.1,-10.1,43.2,0.0,0.0,0.0,52.3,35.4,47.2,16.0,75.7,6.7,3,1.3
-8.6,-15.0,42.6,0.0,0.0,0.0,46.4,27.3,34.3,16.0,83.7,7.4,5,-3.9
-2.4,-8.8,49.6,0.0,0.0,0.0,56.9,22.1,42.3,16.0,85.4,7.4,4,0.9
3.3,-3.1,63.6,0.0,0.0,0.0,15.1,7.3,69.2,16.0,50.9,4.5,2,3.6
1.0,-2.2,61.9,0.0,0.0,0.0,49.9,32.0,77.3,15.7,59.3,5.2,3,4.6
-8.9,-15.5,39.5,0.0,0.0,0.0,42.5,22.9,50.4,16.0,54.6,4.8,3,-3.5
-9.8,-10.8,65.5,23.666,100.0,37.5,64.7,29.1,68.2,12.3,23.1,2.2,1,-5.1
-2.7,-4.1,65.4,1.145,100.0,16.67,67.6,37.5,86.8,15.1,53.2,4.6,2,2.2
-2.2,-6.9,54.7,0.0,0.0,0.0,57.2,29.7,65.1,16.0,74.3,6.4,4,1.4
2.5,-4.5,52.7,0.061,100.0,4.17,52.2,22.5,67.5,16.0,80.3,7.0,3,4.9
-0.8,-2.8,69.4,10.117,100.0,50.0,42.5,23.6,82.9,14.8,31.3,2.7,2,2.6
-11.3,-14.9,46.7,0.0,0.0,0.0,47.9,23.2,68.8,16.0,70.3,6.1,4,-5.2
-8.2,-16.2,41.8,0.0,0.0,0.0,26.3,16.4,35.0,16.0,101.5,8.7,5,-4.6
-2.5,-9.9,52.7,0.0,0.0,0.0,26.3,15.9,76.1,16.0,62.9,5.5,3,-1.1
-0.6,-5.8,56.6,0.0,0.0,0.0,37.1,16.9,67.0,15.9,73.4,6.4,4,2.1
0.0,-5.2,58.1,0.0,0.0,0.0,46.4,26.1,83.9,16.0,76.5,6.6,4,2.5
-6.4,-13.8,42.3,0.0,0.0,0.0,37.1,21.2,17.5,16.0,102.4,8.9,5,-2.5
-5.4,-11.6,54.5,0.0,0.0,0.0,31.7,16.6,30.3,16.0,101.4,8.8,5,-3.3
-0.9,-4.6,68.1,2.914,100.0,41.67,40.7,20.7,93.4,11.2,44.6,3.8,2,0.9
-10.8,-12.2,54.7,0.088,100.0,4.17,58.1,37.1,46.7,15.0,100.1,8.8,5,-3.8
-7.0,-14.4,46.6,0.0,0.0,0.0,49.4,22.0,56.8,16.0,86.3,7.5,4,-4.5
-3.6,-9.0,57.1,0.0,0.0,0.0,32.0,12.0,56.5,16.0,87.8,7.7,4,-1.5
-1.0,-7.0,62.1,0.0,0.0,0.0,19.8,11.3,29.9,16.0,106.5,9.2,5,-0.4
1.5,-1.4,76.0,0.0,0.0,0.0,31.7,12.8,69.9,13.4,95.2,8.3,5,2.6
7.2,6.5,92.5,12.491,100.0,87.5,39.2,13.9,97.4,8.0,20.9,1.6,1,7.7
5.5,5.4,83.6,22.352,100.0,75.0,49.7,25.1,98.7,12.2,17.1,1.4,1,8.0
-5.8,-10.5,47.6,0.0,0.0,0.0,56.9,35.5,37.7,16.0,115.5,9.8,5,-0.4
-2.5,-11.5,47.6,0.0,0.0,0.0,20.9,12.5,22.3,16.0,120.6,10.4,6,-1.3
1.6,-3.7,66.1,1.202,100.0,25.0,22.0,11.8,89.1,15.2,63.8,5.5,3,2.2
1.4,-5.6,58.1,0.0,0.0,0.0,30.1,18.7,22.5,15.8,126.9,10.8,6,2.8
3.7,-4.1,57.2,0.0,0.0,0.0,35.3,16.3,11.8,16.0,125.5,10.7,6,4.4
7.0,-3.2,49.3,0.0,0.0,0.0,49.9,26.9,34.5,16.0,108.3,9.2,4,7.8
8.8,-2.7,50.3,0.0,0.0,0.0,52.6,27.2,21.8,16.0,130.8,11.1,6,8.9
11.7,-0.5,42.4,0.0,0.0,0.0,42.1,21.2,67.2,16.0,80.6,7.0,3,11.9
-2.9,-3.5,73.4,2.867,100.0,54.17,33.5,21.9,84.6,12.4,33.5,3.0,2,0.9
-7.3,-12.3,48.8,0.0,0.0,0.0,42.5,22.7,56.3,16.0,109.0,9.5,5,-2.6
-3.9,-11.6,47.8,0.0,0.0,0.0,27.0,13.4,23.0,16.0,135.9,11.5,6,-1.6
2.6,-3.1,59.7,0.0,0.0,0.0,45.4,19.9,58.7,16.0,114.1,10.1,5,4.5
14.2,7.1,60.9,0.0,0.0,0.0,53.5,31.8,75.9,16.0,73.2,6.2,4,14.7
6.0,-0.6,52.4,0.576,100.0,8.33,73.1,41.1,54.3,16.0,131.5,11.1,5,8.9
-3.4,-11.1,44.9,0.0,0.0,0.0,78.2,49.8,16.5,16.0,130.9,11.4,6,0.7
-3.5,-13.4,38.3,0.0,0.0,0.0,38.9,19.5,8.0,16.0,153.2,13.1,6,-0.5
7.4,-6.3,37.5,0.0,0.0,0.0,33.5,17.8,26.4,16.0,154.0,13.2,6,8.4
13.1,9.0,76.0,1.081,100.0,20.83,72.0,35.3,81.7,15.6,34.1,2.9,2,13.2
16.0,8.5,61.4,0.27,100.0,8.33,50.0,29.4,64.2,16.0,116.4,10.0,6,16.5
-0.8,-3.0,70.5,5.815,100.0,58.33,42.5,24.5,96.6,12.0,21.5,1.7,1,2.2
2.3,-0.5,72.2,7.136,100.0,16.67,57.4,33.2,76.7,12.4,118.3,10.2,6,4.8
-0.4,-6.8,50.3,0.0,0.0,0.0,45.1,21.7,77.2,16.0,122.4,10.5,6,2.7
5.2,-7.2,44.3,0.0,0.0,0.0,40.3,21.3,38.2,16.0,160.3,13.8,6,5.9
3.2,-6.6,41.9,0.0,0.0,0.0,40.7,18.5,21.4,16.0,167.3,14.3,6,5.6
4.1,-1.6,60.6,0.0,0.0,0.0,51.1,20.5,64.9,16.0,116.7,10.2,4,5.9
9.3,1.3,58.3,0.0,0.0,0.0,31.0,11.6,40.0,16.0,147.1,12.8,6,9.7
7.3,-3.5,44.7,0.0,0.0,0.0,49.6,29.3,63.4,16.0,164.2,14.1,7,9.0
-0.2,-10.7,38.1,0.0,0.0,0.0,33.1,17.5,25.5,16.0,180.6,15.6,7,2.3
7.8,0.5,60.1,0.0,0.0,0.0,36.4,24.0,69.7,16.0,158.0,13.7,6,8.1
18.9,11.8,64.7,0.0,0.0,0.0,55.8,28.4,82.6,16.0,75.6,6.7,5,19.0
20.1,11.8,59.5,0.953,100.0,16.67,69.6,39.2,70.3,16.0,93.8,8.0,4,20.1
6.9,-3.2,43.1,0.0,0.0,0.0,65.5,42.3,66.7,16.0,164.1,14.2,6,8.9
4.0,2.7,81.2,15.827,100.0,58.33,35.3,17.6,88.6,12.8,28.8,2.7,1,5.9
5.6,-0.6,64.4,0.0,0.0,0.0,19.8,13.8,72.9,15.1,130.0,11.1,5,6.2
8.4,2.9,68.6,0.0,0.0,0.0,40.3,19.5,27.3,15.7,190.5,16.5,7,8.9
-4.4,-3.7,71.1,13.693,100.0,37.5,69.3,41.1,80.3,11.4,55.5,4.6,2,1.3
-4.8,-11.5,44.5,0.0,0.0,0.0,55.3,30.2,28.3,16.0,213.2,17.7,7,-0.7
6.5,-2.9,53.5,0.0,0.0,0.0,31.7,19.6,31.3,16.0,203.0,17.6,7,6.9
11.8,0.1,47.1,0.0,0.0,0.0,31.7,17.4,32.5,16.0,203.9,17.7,7,12.3
13.3,2.4,51.8,0.0,0.0,0.0,35.3,18.6,48.1,16.0,183.8,15.9,7,13.4
12.4,9.7,83.7,13.438,100.0,50.0,29.2,19.1,89.8,11.8,53.7,4.7,2,12.5
14.8,9.6,74.7,0.0,0.0,0.0,45.5,20.5,53.6,9.4,167.3,14.5,7,14.8
18.7,11.0,62.9,0.0,0.0,0.0,58.1,31.1,51.0,16.0,136.8,11.7,6,18.7
12.9,1.3,45.3,0.0,0.0,0.0,61.4,38.4,53.1,16.0,127.9,11.0,7,12.9
12.5,-0.5,41.0,0.0,0.0,0.0,64.8,22.4,14.2,16.0,211.0,18.3,8,13.1
13.3,2.5,51.1,0.0,0.0,0.0,27.0,12.9,49.6,16.0,181.1,15.5,6,13.4
10.2,4.4,67.5,7.224,100.0,45.83,49.0,15.9,84.2,14.1,55.0,4.7,2,10.5
11.7,9.9,88.6,4.755,100.0,20.83,24.8,17.6,97.4,10.0,64.9,5.7,3,11.8
12.3,3.3,57.7,0.0,0.0,0.0,35.3,22.5,66.2,13.3,130.4,11.3,6,12.4
6.6,-2.3,47.0,0.197,100.0,8.33,53.3,27.6,75.2,16.0,113.5,9.8,4,8.6
-0.4,-7.1,44.1,0.0,0.0,0.0,61.4,39.7,71.8,16.0,115.0,9.9,5,4.3
-4.3,-12.2,37.6,0.0,0.0,0.0,68.5,45.3,60.4,16.0,166.3,14.3,7,1.0
-3.0,-12.9,35.3,0.0,0.0,0.0,46.9,28.2,17.5,16.0,238.7,20.5,8,1.2
7.6,-2.4,50.3,0.385,100.0,8.33,41.4,21.5,84.4,16.0,148.3,12.7,7,7.8
18.1,12.3,69.2,2.609,100.0,8.33,72.4,42.1,86.6,15.9,63.2,5.2,3,18.1
10.8,2.2,54.0,3.874,100.0,25.0,67.9,38.4,74.9,15.7,165.8,14.2,8,11.6
7.0,-3.7,42.7,0.0,0.0,0.0,43.6,25.1,45.0,16.0,247.1,21.3,8,8.6
9.3,0.4,52.8,0.0,0.0,0.0,58.7,37.7,77.7,16.0,158.2,13.6,6,10.2
7.4,-2.9,46.5,0.0,0.0,0.0,46.4,19.5,54.0,16.0,184.4,15.7,7,8.3
10.2,6.8,79.2,14.782,100.0,45.83,42.5,18.9,88.8,13.6,46.0,4.0,2,10.4
13.2,10.9,86.5,20.39,100.0,45.83,49.0,19.1,97.3,12.5,71.0,6.1,3,13.2
10.6,9.0,89.1,13.8,100.0,62.5,44.6,20.8,94.7,10.5,28.8,2.6,1,10.8
11.1,2.9,59.4,1.128,100.0,12.5,56.4,23.1,49.4,15.8,214.8,18.4,8,11.6
8.9,1.8,61.6,2.385,100.0,20.83,47.9,22.9,84.1,15.8,160.4,13.8,7,9.5
6.1,-2.0,50.4,0.0,0.0,0.0,55.1,31.4,50.4,16.0,141.2,12.3,5,8.1
10.1,1.5,57.7,0.0,0.0,0.0,36.7,20.1,33.7,16.0,235.6,20.2,8,10.3
18.3,9.5,58.5,0.0,0.0,0.0,37.1,23.2,72.3,16.0,209.9,18.1,9,18.3
21.0,11.4,58.0,0.0,0.0,0.0,48.6,25.7,56.8,16.0,199.2,17.2,7,21.2
22.4,10.2,46.5,0.252,100.0,4.17,71.5,37.4,66.0,16.0,176.0,15.1,7,22.4
15.6,-1.0,37.3,0.0,0.0,0.0,44.4,26.7,27.3,16.0,271.4,23.5,9,15.6
19.0,5.1,40.9,1.074,100.0,16.67,59.4,23.0,65.5,15.9,225.7,19.3,8,19.0
11.3,-1.7,40.2,0.118,100.0,4.17,46.7,29.5,46.5,16.0,282.1,24.3,9,11.8
3.9,-0.2,66.3,16.816,100.0,54.17,45.6,25.2,78.1,13.5,30.9,2.9,1,6.1
5.1,-1.8,55.4,0.787,100.0,8.33,60.1,32.2,82.0,16.0,174.6,15.1,7,7.5
9.4,-1.9,46.2,0.0,0.0,0.0,34.2,15.4,32.0,16.0,278.7,24.1,9,10.0
13.4,5.1,56.0,0.0,0.0,0.0,42.5,21.0,73.4,16.0,154.0,13.2,7,14.0
17.3,5.9,53.2,0.0,0.0,0.0,35.7,20.4,49.5,16.0,265.8,23.0,9,17.3
17.8,7.8,53.9,0.0,0.0,0.0,28.8,14.7,49.0,16.0,240.7,20.8,8,17.8
19.3,10.6,59.0,0.0,0.0,0.0,35.3,19.1,30.3,16.0,258.8,22.4,8,19.3
16.0,11.1,73.2,0.0,0.0,0.0,31.3,15.2,54.4,15.8,205.8,17.8,9,16.0
16.3,12.8,80.1,1.607,100.0,16.67,32.8,22.5,90.3,14.1,96.0,8.2,6,16.3
11.4,-1.5,39.7,0.0,0.0,0.0,56.7,30.6,39.9,16.0,225.2,19.4,9,12.1
6.8,-5.3,38.0,0.0,0.0,0.0,50.1,29.4,42.6,16.0,280.5,24.2,9,9.0
10.6,-5.5,34.3,0.0,0.0,0.0,37.0,17.0,20.3,16.0,299.5,25.8,9,11.2
12.0,-1.8,41.9,0.0,0.0,0.0,28.1,12.8,43.7,16.0,270.4,23.1,8,12.3
14.0,9.2,73.6,4.624,100.0,12.5,36.0,12.6,88.7,15.5,81.0,7.0,3,14.0
18.7,10.8,64.3,0.819,100.0,4.17,40.7,15.0,44.0,15.6,278.5,24.2,9,18.7
16.9,12.8,77.4,0.0,0.0,0.0,40.7,20.1,62.7,13.3,123.5,10.9,6,16.9
17.9,14.6,82.3,19.078,100.0,37.5,33.5,14.5,88.3,13.1,139.7,12.2,6,17.9
17.0,11.0,68.5,0.0,0.0,0.0,31.7,16.6,79.7,16.0,123.1,10.5,4,17.0
15.1,13.4,89.5,17.854,100.0,70.83,43.7,24.3,96.2,13.0,34.3,3.0,2,15.1
10.2,9.1,89.7,31.019,100.0,95.83,60.8,25.3,98.1,8.2,45.7,4.1,2,10.8
8.3,3.7,67.5,0.569,100.0,12.5,51.8,23.1,91.0,15.4,137.3,12.1,6,9.8
12.8,0.6,49.5,0.0,0.0,0.0,37.1,17.8,4.8,16.0,316.4,27.3,9,13.1
16.0,1.7,40.4,0.0,0.0,0.0,38.9,20.6,20.0,16.0,312.9,26.9,9,16.1
16.7,7.0,54.7,0.0,0.0,0.0,40.7,20.2,36.9,16.0,213.2,18.5,8,16.8
17.8,14.1,79.3,0.088,100.0,4.17,42.1,18.0,72.5,15.8,130.2,11.1,8,17.8
19.8,17.3,85.5,4.191,100.0,12.5,32.8,12.6,94.1,14.8,113.6,10.0,4,19.8
20.1,18.1,88.4,0.297,100.0,12.5,30.2,11.2,89.6,14.3,81.5,7.0,3,20.1
20.9,17.4,82.6,1.593,100.0,8.33,50.0,19.2,82.5,10.3,226.3,19.5,9,20.8
20.2,16.5,81.0,14.182,100.0,29.17,60.3,26.0,64.1,14.9,160.3,13.9,8,20.2
20.6,8.6,50.4,0.942,100.0,4.17,51.1,25.8,15.9,15.6,270.6,23.3,10,20.7
18.6,7.5,49.0,0.0,0.0,0.0,33.8,12.5,45.2,16.0,249.0,21.5,9,18.6
21.7,14.0,64.3,1.154,100.0,16.67,45.7,21.7,67.7,15.9,270.8,23.3,8,21.8
25.9,18.1,67.6,0.0,0.0,0.0,35.3,15.2,63.1,16.0,220.7,19.2,8,24.8
29.4,19.1,58.2,0.0,0.0,0.0,55.1,17.4,44.4,16.0,287.8,24.9,8,28.3
26.2,19.7,71.4,23.61,100.0,20.83,93.3,24.2,57.2,14.5,233.3,19.8,9,25.5
19.6,11.9,62.4,6.366,100.0,8.33,37.4,21.7,76.2,15.9,202.2,17.5,9,19.6
15.8,12.5,81.2,9.481,100.0,58.33,35.3,16.4,93.7,13.4,82.7,7.0,3,15.8
17.6,10.7,64.9,0.0,0.0,0.0,33.5,19.4,91.3,16.0,177.9,15.3,5,17.6
18.7,14.4,76.3,0.0,0.0,0.0,27.4,12.3,99.3,15.9,120.8,10.2,4,18.7
21.3,19.0,87.3,9.805,100.0,29.17,54.5,22.7,90.9,15.2,80.8,7.0,3,21.3
20.8,15.1,71.6,1.131,100.0,12.5,40.7,19.6,66.6,15.8,248.1,21.2,9,20.8
22.0,14.5,65.1,0.0,0.0,0.0,24.5,12.6,34.9,16.0,292.5,25.3,9,22.0
25.1,17.7,67.7,0.0,0.0,0.0,20.5,15.5,24.6,15.9,300.0,25.9,9,24.6
28.1,18.8,63.3,0.0,0.0,0.0,32.4,12.3,28.0,15.5,300.3,25.9,9,27.4
28.8,19.5,62.6,0.0,0.0,0.0,29.5,19.0,40.5,15.8,275.2,23.7,9,28.0
25.6,20.3,76.4,6.594,100.0,29.17,52.8,18.0,52.3,15.1,222.1,19.1,9,25.0
22.0,13.4,61.4,2.729,100.0,12.5,38.9,21.0,58.2,15.8,221.3,19.1,7,22.0
21.6,10.1,52.6,0.0,0.0,0.0,30.7,17.1,28.5,16.0,315.5,27.4,9,22.0
20.9,9.0,48.2,0.0,0.0,0.0,35.3,16.8,28.7,16.0,324.3,28.0,9,20.9
20.9,10.3,54.2,0.0,0.0,0.0,35.3,19.7,27.1,16.0,322.8,27.9,9,21.0
21.3,17.4,79.2,2.895,100.0,25.0,41.0,24.3,73.8,15.4,123.6,10.6,5,21.3
24.7,19.5,77.4,2.043,100.0,16.67,30.2,12.7,53.5,14.3,271.2,23.3,9,24.2
23.9,15.5,63.0,4.096,100.0,12.5,51.0,32.4,57.7,15.7,300.8,26.0,9,24.0
21.2,12.0,58.0,0.0,0.0,0.0,25.9,18.7,49.0,16.0,251.9,21.7,8,21.2
19.8,15.5,77.0,1.942,100.0,41.67,31.3,13.2,84.9,15.7,89.2,7.7,4,19.8
22.1,18.5,81.6,0.687,100.0,16.67,24.8,15.0,68.2,15.6,194.1,16.6,9,21.9
28.1,21.2,73.3,4.336,100.0,12.5,30.6,11.8,64.5,15.3,275.2,23.7,9,26.9
26.0,21.4,78.7,0.315,100.0,4.17,37.1,18.1,69.2,14.7,144.1,12.3,5,25.5
26.6,19.3,69.8,0.0,0.0,0.0,28.4,16.6,39.0,14.9,270.9,23.2,9,25.7
26.2,19.4,68.3,3.435,100.0,16.67,41.4,19.9,73.9,15.7,226.4,19.7,9,25.7
29.4,18.3,58.1,0.0,0.0,0.0,52.0,25.0,48.5,16.0,274.3,23.6,9,28.6
22.4,8.9,43.4,0.0,0.0,0.0,58.0,34.6,24.2,16.0,287.3,24.8,9,22.4
20.3,3.7,35.2,0.0,0.0,0.0,50.0,32.4,24.0,16.0,334.0,28.9,10,20.3
20.2,6.2,43.4,0.0,0.0,0.0,35.3,20.1,50.9,16.0,309.3,26.5,10,20.3
22.7,13.3,56.6,0.0,0.0,0.0,31.7,16.9,74.9,16.0,212.6,18.3,8,22.8
24.3,18.9,75.3,19.853,100.0,37.5,55.4,17.1,71.0,14.5,162.2,14.0,9,23.9
20.2,18.3,89.3,18.751,100.0,50.0,28.4,14.5,92.9,13.0,78.5,6.7,3,20.2
21.8,17.4,78.3,0.0,0.0,0.0,13.3,13.0,41.8,14.7,223.7,19.3,8,21.7
25.4,19.1,72.9,0.0,0.0,0.0,21.6,15.7,33.1,15.0,283.0,24.5,8,24.7
26.5,19.2,67.9,0.0,0.0,0.0,40.7,22.1,54.1,16.0,279.5,24.0,9,25.8
24.4,19.2,74.1,2.298,100.0,16.67,27.7,18.9,64.6,15.5,172.8,14.9,7,24.3
21.8,10.8,51.5,0.0,0.0,0.0,31.8,16.8,35.9,15.9,324.3,28.1,10,21.8
23.4,15.7,64.4,0.0,0.0,0.0,35.3,19.9,36.5,16.0,280.0,24.1,9,23.3
26.3,17.4,62.0,0.0,0.0,0.0,20.2,11.3,18.0,15.8,325.3,27.9,9,26.3
28.9,21.4,72.5,0.905,100.0,8.33,35.3,18.4,40.1,15.6,202.5,17.3,10,27.1
29.6,21.7,70.0,0.0,0.0,0.0,50.0,17.7,68.7,16.0,222.2,19.2,9,27.7
25.8,18.3,65.7,4.405,100.0,12.5,29.5,19.0,53.9,15.8,233.2,20.2,9,25.9
24.8,13.9,53.6,0.0,0.0,0.0,25.9,11.2,27.2,15.8,322.3,27.8,9,25.1
27.0,20.9,76.7,2.55,100.0,8.33,38.9,20.2,65.4,15.2,166.8,14.4,6,25.3
29.7,20.9,66.4,0.0,0.0,0.0,30.9,14.9,66.2,16.0,195.8,16.8,6,28.2
25.2,21.4,81.0,1.091,100.0,20.83,19.1,14.8,86.3,15.7,113.8,9.6,4,24.9
26.8,21.1,77.7,0.0,0.0,0.0,16.2,13.3,74.9,14.8,177.6,15.2,6,25.6
22.1,20.3,89.8,63.915,100.0,66.67,47.9,16.2,95.4,12.4,37.8,3.2,1,22.1
23.4,17.4,71.0,0.0,0.0,0.0,22.7,12.6,69.7,16.0,223.4,19.2,9,23.3
23.0,15.2,64.7,0.0,0.0,0.0,21.6,15.4,11.4,15.9,323.5,27.7,10,23.1
25.1,19.1,73.9,10.534,100.0,20.83,72.4,27.1,31.1,15.8,231.8,20.0,8,24.3
26.9,19.6,70.4,0.177,100.0,4.17,53.6,16.5,66.5,15.3,313.1,27.0,9,26.2
25.8,18.4,66.9,0.177,100.0,4.17,37.1,16.6,48.7,15.8,251.6,21.8,10,25.4
26.1,17.5,62.5,0.0,0.0,0.0,16.2,11.0,43.3,16.0,300.2,26.0,9,26.1
25.5,20.2,76.8,30.039,100.0,29.17,44.6,21.0,67.2,15.3,201.3,17.3,7,24.8
26.0,21.9,83.9,2.816,100.0,20.83,33.8,12.3,75.4,15.1,155.6,13.4,7,25.0
28.3,22.5,79.4,1.417,100.0,4.17,38.9,21.7,69.5,15.4,234.0,20.0,8,26.5
28.3,20.5,68.0,0.0,0.0,0.0,31.7,13.9,59.8,15.5,262.8,22.5,9,27.3
29.5,21.1,69.3,0.0,0.0,0.0,33.5,19.6,15.8,15.5,289.2,24.8,9,27.7
31.3,22.5,69.7,1.441,100.0,12.5,60.9,16.8,53.9,15.7,205.1,17.7,7,28.7
29.5,20.1,63.6,0.0,0.0,0.0,35.3,16.8,35.1,16.0,296.1,25.5,9,28.4
29.6,20.1,63.0,0.708,100.0,4.17,64.9,22.2,32.8,16.0,303.4,26.1,9,28.5
30.0,20.6,66.0,0.0,0.0,0.0,36.0,18.1,51.7,15.9,277.0,23.8,9,28.0
29.4,22.4,74.7,6.245,100.0,8.33,64.8,18.2,66.2,15.8,153.3,13.2,6,27.4
24.5,20.3,78.4,0.0,0.0,0.0,26.3,11.0,80.5,15.9,74.6,6.4,2,24.5
28.3,21.7,75.6,0.0,0.0,0.0,35.3,15.7,77.1,16.0,212.2,18.4,9,26.5
29.3,22.1,74.6,4.244,100.0,16.67,68.4,18.9,63.6,15.7,194.3,16.7,6,27.4
26.3,21.9,83.0,0.469,100.0,12.5,29.5,15.7,68.5,15.0,110.5,9.5,5,25.2
25.8,17.7,63.5,0.094,100.0,4.17,29.2,16.2,65.1,16.0,267.2,23.2,9,25.9
23.8,19.2,77.8,8.051,100.0,29.17,50.0,12.5,78.1,15.2,108.5,9.2,4,23.5
26.3,20.3,74.2,0.0,0.0,0.0,27.7,15.7,74.8,15.6,266.7,23.2,9,25.6
28.6,20.4,67.7,4.585,100.0,12.5,83.2,18.3,48.1,15.5,254.0,22.1,8,27.7
27.8,18.8,62.2,0.0,0.0,0.0,27.7,11.9,20.3,16.0,277.3,24.0,9,27.2
29.5,21.7,72.1,10.423,100.0,20.83,66.0,24.9,33.8,15.1,247.9,21.6,8,27.7
26.8,21.9,80.9,2.13,100.0,16.67,43.9,18.1,70.2,15.9,181.8,15.7,9,25.7
27.9,21.7,77.6,0.0,0.0,0.0,40.7,18.5,71.0,15.9,227.4,19.6,7,26.2
29.8,22.2,74.1,0.0,0.0,0.0,33.5,20.2,49.4,16.0,249.9,21.8,8,27.5
31.2,23.3,74.8,0.0,0.0,0.0,42.5,17.5,32.8,16.0,174.5,15.1,8,28.4
31.9,22.6,68.8,0.59,100.0,4.17,61.0,23.3,37.6,16.0,232.2,20.0,8,29.3
28.1,22.4,79.6,17.497,100.0,29.17,51.8,19.1,66.7,15.1,176.4,15.3,8,26.5
25.7,18.9,69.8,0.197,100.0,4.17,34.9,22.7,63.5,16.0,260.2,22.4,9,25.7
24.3,13.9,53.6,0.234,100.0,8.33,37.4,24.9,49.4,16.0,286.9,24.6,9,24.5
21.8,10.9,52.6,0.0,0.0,0.0,20.9,15.3,23.1,16.0,289.7,25.0,9,22.0
22.2,15.2,66.5,2.561,100.0,25.0,25.9,16.7,80.2,15.8,173.9,15.0,8,22.2
20.6,17.7,83.7,2.351,100.0,25.0,25.6,12.3,89.9,15.8,121.7,10.5,4,20.6
22.6,15.1,65.6,0.0,0.0,0.0,44.6,16.1,57.4,16.0,231.3,20.1,9,22.6
21.8,15.4,69.5,0.512,100.0,4.17,46.3,16.6,57.9,16.0,199.8,17.5,8,21.8
22.7,15.2,66.0,0.0,0.0,0.0,27.7,15.4,16.8,16.0,268.3,23.3,9,22.8
24.9,18.9,73.4,0.197,100.0,4.17,31.7,17.8,38.4,15.9,199.5,17.4,8,24.4
25.9,19.3,71.2,0.0,0.0,0.0,27.7,16.1,56.3,16.0,238.1,20.7,9,25.4
23.5,21.2,87.5,1.201,100.0,16.67,27.4,14.2,67.1,15.5,77.3,6.6,3,23.5
25.6,21.7,83.4,0.151,100.0,4.17,27.7,14.6,79.1,15.7,184.9,16.0,7,24.9
25.4,17.3,63.7,0.0,0.0,0.0,35.3,20.5,26.5,15.9,212.0,18.3,8,25.3
25.2,16.4,61.3,0.0,0.0,0.0,33.5,16.9,22.2,16.0,237.3,20.7,8,25.1
26.6,19.5,70.0,0.0,0.0,0.0,22.0,15.1,63.1,15.9,164.3,14.1,8,25.8
28.0,19.9,67.2,0.0,0.0,0.0,29.5,12.9,43.3,15.2,215.8,18.8,9,27.5
27.7,19.7,65.7,0.0,0.0,0.0,31.7,14.3,54.8,16.0,206.0,18.0,8,27.0
28.4,20.9,70.9,0.46,100.0,4.17,24.8,12.7,47.6,15.8,255.1,22.0,9,27.0
28.9,21.7,73.1,0.0,0.0,0.0,31.7,18.4,47.1,15.8,208.7,18.2,9,27.5
26.9,21.7,79.5,3.647,100.0,12.5,59.8,24.6,45.7,15.5,175.2,15.1,8,26.0
24.2,15.5,61.6,0.0,0.0,0.0,37.8,23.5,27.3,15.5,215.1,18.6,9,24.3
24.0,14.0,56.1,0.0,0.0,0.0,29.5,16.6,14.8,16.0,231.5,19.7,8,24.3
24.4,16.2,62.5,0.0,0.0,0.0,29.2,14.0,44.5,16.0,203.6,17.6,8,24.3
26.0,19.2,69.7,0.0,0.0,0.0,21.2,13.3,69.6,16.0,151.1,13.1,6,25.4
26.9,19.4,68.1,0.0,0.0,0.0,31.7,16.4,57.9,16.0,209.6,18.3,8,26.1
25.9,20.1,72.9,1.213,100.0,8.33,33.1,15.8,80.6,15.8,119.2,10.3,5,25.4
25.6,21.1,80.2,20.693,100.0,41.67,39.6,22.3,87.2,13.7,138.5,12.1,7,25.1
22.4,20.2,87.5,6.075,100.0,41.67,42.5,16.0,94.6,14.5,68.7,5.9,3,22.4
22.4,17.6,75.6,0.0,0.0,0.0,21.2,12.9,83.3,16.0,101.1,8.7,4,22.4
22.2,15.5,69.0,0.0,0.0,0.0,31.7,17.7,21.2,16.0,222.0,19.2,9,22.2
22.1,17.2,75.7,0.0,0.0,0.0,21.6,10.7,68.9,16.0,120.6,10.6,5,22.0
24.0,21.6,88.5,9.779,100.0,33.33,28.4,11.5,90.1,13.5,69.1,6.1,3,23.7
24.3,22.0,89.0,4.261,100.0,20.83,33.5,13.3,90.6,13.2,86.1,7.4,6,24.0
23.2,15.5,65.1,0.0,0.0,0.0,38.9,20.5,68.3,15.9,194.6,16.7,8,23.2
21.0,13.2,62.4,0.0,0.0,0.0,38.9,20.4,26.8,15.9,194.8,16.8,8,21.0
21.7,14.3,64.7,0.0,0.0,0.0,33.5,20.4,24.9,15.9,190.8,16.4,7,21.7
19.7,13.0,68.3,0.0,0.0,0.0,16.2,10.5,7.4,15.9,184.6,15.8,7,19.7
20.8,14.9,72.2,0.0,0.0,0.0,16.6,12.1,22.2,15.1,188.4,16.3,7,20.8
22.0,16.3,72.7,0.0,0.0,0.0,25.6,14.7,27.6,15.9,186.3,16.0,7,21.9
23.7,17.1,69.8,0.0,0.0,0.0,40.7,16.4,33.1,15.5,147.5,12.7,7,23.6
23.9,15.6,62.7,0.0,0.0,0.0,40.7,21.4,33.0,16.0,195.6,16.9,7,24.0
22.8,15.3,65.1,0.0,0.0,0.0,29.5,14.5,40.1,16.0,186.7,16.2,7,22.7
22.1,14.4,63.9,0.788,100.0,16.67,61.1,34.9,62.7,15.9,90.8,7.8,6,22.1
15.8,3.9,46.7,0.0,0.0,0.0,50.2,27.2,17.2,16.0,199.0,17.2,7,15.8
15.0,6.7,59.3,0.0,0.0,0.0,23.8,13.7,63.2,16.0,141.5,12.2,6,15.1
18.8,13.3,71.4,0.11,100.0,4.17,46.8,24.0,74.5,16.0,75.4,6.5,5,18.8
19.3,11.1,62.9,0.0,0.0,0.0,42.5,18.5,51.2,15.9,136.4,11.6,6,19.3
18.0,5.7,45.9,0.0,0.0,0.0,39.1,24.5,64.7,16.0,143.6,12.2,6,18.0
15.0,6.8,59.3,0.0,0.0,0.0,38.9,23.0,33.7,16.0,156.0,13.6,7,15.0
16.2,8.1,60.2,0.0,0.0,0.0,40.7,24.2,54.1,16.0,174.2,14.9,8,16.2
13.9,9.1,73.0,4.941,100.0,29.17,50.8,24.3,82.0,15.8,41.8,3.6,2,13.9
14.8,13.6,92.6,17.421,100.0,79.17,51.8,27.3,99.8,11.5,23.8,2.1,1,14.8
14.2,12.9,92.3,9.426,100.0,91.67,51.8,23.9,99.2,9.2,21.0,1.9,1,14.2
9.6,6.3,75.5,9.406,100.0,62.5,59.3,26.8,83.8,15.6,68.7,5.8,3,10.5
9.6,7.3,80.7,3.113,100.0,45.83,50.8,27.1,97.1,15.6,38.7,3.3,1,10.5
14.1,10.9,81.6,2.921,100.0,45.83,45.7,23.1,88.8,13.8,104.2,9.0,5,14.1
17.1,10.7,70.0,0.0,0.0,0.0,28.1,13.6,29.8,16.0,157.1,13.7,7,17.1
17.9,10.4,66.4,0.0,0.0,0.0,43.9,24.0,35.8,15.6,154.6,13.3,7,17.9
11.7,3.9,58.1,0.0,0.0,0.0,41.5,24.0,49.0,16.0,103.0,9.0,5,12.1
10.1,2.6,63.6,0.0,0.0,0.0,34.3,13.5,4.1,16.0,163.2,14.0,7,10.4
12.1,4.3,64.1,0.0,0.0,0.0,22.3,10.6,1.8,16.0,152.5,13.1,7,12.1
14.0,6.6,65.6,0.0,0.0,0.0,23.8,10.6,9.0,16.0,146.6,12.7,6,14.0
15.3,10.1,73.0,0.0,0.0,0.0,36.7,19.7,67.0,15.8,119.8,10.4,6,15.3
18.3,15.4,83.5,9.758,100.0,50.0,42.1,20.6,96.5,14.2,41.4,3.5,2,18.3
14.9,8.6,69.1,1.934,100.0,16.67,37.1,14.5,50.8,15.5,140.3,12.2,6,14.9
14.9,7.7,66.4,0.0,0.0,0.0,44.1,25.9,7.7,16.0,135.5,11.7,6,14.9
15.6,8.9,67.1,0.525,100.0,4.17,46.8,17.3,61.6,16.0,114.1,9.8,6,15.6
16.1,10.8,72.5,0.823,100.0,12.5,50.0,25.4,81.0,16.0,100.7,8.8,6,16.1
8.0,-2.3,45.7,0.0,0.0,0.0,44.6,24.3,53.2,15.9,128.6,11.0,6,9.0
6.7,-0.9,57.2,0.0,0.0,0.0,39.2,21.5,59.3,16.0,97.5,8.5,4,7.7
7.9,-0.5,57.2,0.0,0.0,0.0,42.5,22.6,19.4,16.0,138.5,11.9,6,8.9
10.7,1.0,56.8,0.0,0.0,0.0,15.1,9.1,21.5,16.0,133.2,11.6,6,10.8
11.8,4.6,66.0,0.0,0.0,0.0,17.3,12.2,20.5,15.9,130.6,11.2,6,11.8
12.4,8.5,75.9,2.245,100.0,25.0,34.6,16.9,82.0,15.7,71.4,6.1,3,12.8
15.9,12.8,82.6,0.11,100.0,4.17,26.6,15.8,93.5,15.5,66.6,5.8,4,15.9
16.1,13.9,87.0,0.0,0.0,0.0,23.4,10.7,98.6,13.5,43.2,3.6,2,16.1
16.3,13.1,82.3,0.646,100.0,16.67,44.4,23.7,85.0,15.1,65.5,5.8,3,16.3
14.5,4.6,52.7,0.0,0.0,0.0,50.0,27.8,20.2,16.0,130.6,11.3,6,14.5
10.1,3.9,62.2,0.0,0.0,0.0,34.2,14.8,51.9,16.0,71.2,6.2,3,10.9
10.2,4.2,67.0,0.0,0.0,0.0,19.1,11.1,16.8,15.9,123.1,10.7,6,10.7
9.4,4.7,74.1,0.0,0.0,0.0,13.7,8.6,40.9,15.9,117.8,10.2,6,9.4
14.1,11.9,87.0,4.338,100.0,37.5,31.7,18.3,88.9,14.5,52.5,4.6,3,14.1
17.2,13.0,78.8,0.0,0.0,0.0,39.1,23.5,61.1,11.3,94.4,8.4,5,17.2
15.5,10.2,72.5,0.0,0.0,0.0,28.1,15.5,51.1,16.0,86.0,7.5,4,15.5
14.3,9.3,73.9,0.0,0.0,0.0,25.6,9.1,46.3,15.5,112.5,9.7,5,14.3
15.6,11.5,78.4,0.0,0.0,0.0,27.7,12.2,61.6,14.9,104.5,9.1,5,15.6
21.1,16.1,75.1,0.0,0.0,0.0,45.0,27.4,69.8,14.9,102.4,8.9,4,21.1
21.1,18.1,83.5,2.985,100.0,29.17,45.4,20.6,81.0,15.3,44.9,4.1,2,21.1
21.0,10.2,56.5,0.0,0.0,0.0,37.1,21.0,35.9,15.2,102.8,8.7,5,21.0
12.0,-1.0,40.2,0.0,0.0,0.0,50.1,23.0,33.8,16.0,112.2,9.7,5,12.5
8.9,0.7,54.7,0.0,0.0,0.0,20.5,14.0,8.8,16.0,108.1,9.4,5,9.7
13.5,8.4,72.6,0.0,0.0,0.0,23.4,9.7,70.1,16.0,89.4,7.6,5,13.5
19.5,17.7,89.4,16.023,100.0,45.83,55.1,28.2,98.6,13.8,18.3,1.6,1,19.5
19.0,12.6,67.2,2.216,100.0,25.0,53.6,38.3,67.8,15.8,90.0,7.7,5,19.0
4.2,-2.1,50.2,0.094,100.0,4.17,53.6,34.0,82.8,16.0,60.7,5.2,3,7.7
3.2,-4.0,53.5,0.0,0.0,0.0,31.7,16.2,29.5,16.0,97.9,8.6,5,5.0
1.0,0.2,81.7,29.06,100.0,50.0,40.0,22.8,76.1,12.6,19.6,1.8,1,3.1
4.4,0.7,68.7,0.0,0.0,0.0,46.4,25.1,82.2,15.1,68.6,5.8,3,6.6
0.6,-6.0,47.8,0.0,0.0,0.0,51.8,34.0,58.1,16.0,82.7,7.1,4,4.2
0.6,-5.8,52.9,0.0,0.0,0.0,49.2,24.4,41.4,16.0,91.9,8.0,5,3.3
0.7,-6.9,51.3,0.0,0.0,0.0,33.8,16.8,36.0,16.0,95.4,8.2,5,2.5
-3.0,-13.6,34.1,0.0,0.0,0.0,56.6,33.0,12.2,16.0,94.8,8.1,5,1.2
0.0,-9.6,44.0,0.0,0.0,0.0,37.1,18.6,0.4,16.0,95.1,8.1,5,1.9
4.8,-6.5,47.3,0.0,0.0,0.0,37.1,20.2,4.3,16.0,92.3,7.9,5,5.1
6.1,-3.6,55.3,0.0,0.0,0.0,23.8,18.2,3.6,15.9,87.4,7.6,5,6.1
6.1,-1.5,61.5,0.0,0.0,0.0,24.5,13.2,30.3,15.9,81.2,6.9,4,6.3
9.2,3.6,66.6,3.182,100.0,20.83,57.1,33.0,57.7,15.7,66.6,5.8,4,10.1
7.3,-1.1,56.2,0.0,0.0,0.0,31.7,13.8,19.3,16.0,82.6,7.3,4,7.9
9.0,6.3,80.8,3.673,100.0,25.0,61.2,22.5,89.4,12.7,11.0,0.9,0,9.6
9.6,4.3,69.6,0.0,0.0,0.0,59.5,34.3,79.7,15.0,46.5,4.0,4,10.0
5.6,1.4,72.1,0.0,0.0,0.0,41.0,13.5,71.2,16.0,53.9,4.8,2,6.4
8.4,3.9,70.4,7.101,100.0,25.0,53.6,26.2,72.9,14.6,13.5,1.0,1,9.8
0.9,-8.2,40.8,0.0,0.0,0.0,51.8,23.8,25.6,16.0,86.3,7.4,4,4.1
2.6,-4.5,57.1,0.0,0.0,0.0,42.5,17.9,53.3,16.0,70.6,6.2,4,3.8
11.5,6.4,70.1,6.305,100.0,29.17,52.1,28.5,77.9,15.6,41.9,3.7,3,12.2
2.3,-4.5,55.4,0.0,0.0,0.0,41.4,18.7,27.5,16.0,75.5,6.6,4,4.1
1.7,-3.2,68.5,0.0,0.0,0.0,26.3,15.6,35.7,16.0,77.5,6.8,4,2.5
5.5,4.8,90.0,2.841,100.0,29.17,40.0,13.1,95.1,12.3,18.4,1.7,2,6.4
11.5,10.7,94.4,1.081,100.0,12.5,34.9,9.1,99.6,10.7,23.0,1.9,1,11.5
10.2,5.5,72.6,0.0,0.0,0.0,25.9,15.2,75.6,13.0,56.6,4.9,4,10.6
4.6,-1.6,58.8,0.0,0.0,0.0,20.5,12.9,19.8,16.0,78.9,6.7,4,6.1
2.2,-2.7,65.8,0.0,0.0,0.0,14.8,9.1,75.7,16.0,31.5,2.6,1,3.3
5.1,3.2,83.1,0.0,0.0,0.0,22.3,8.8,83.2,14.9,26.2,2.3,1,5.9
1.9,-2.1,59.4,0.0,0.0,0.0,37.9,23.5,94.6,16.0,22.7,1.9,1,5.3
-0.1,-5.9,55.8,0.0,0.0,0.0,29.5,18.1,45.8,16.0,78.8,6.8,4,2.3
-0.4,-7.0,58.2,0.0,0.0,0.0,11.2,12.2,68.6,16.0,59.8,5.1,3,0.9
0.8,1.4,88.2,39.675,100.0,91.67,31.3,20.5,99.8,8.1,7.6,0.6,0,3.3
3.6,0.9,71.1,1.17,100.0,16.67,49.2,30.7,69.1,14.6,66.1,5.7,4,6.1
2.5,-4.0,55.4,0.0,0.0,0.0,38.9,18.4,72.7,16.0,54.8,4.8,3,4.7
-0.3,-6.0,52.6,0.0,0.0,0.0,50.0,31.3,69.8,16.0,69.3,6.0,3,3.0
-2.6,-7.7,53.2,0.0,0.0,0.0,40.7,22.1,43.5,16.0,52.5,4.7,3,1.0
-2.6,-7.1,59.9,0.0,0.0,0.0,20.5,14.7,40.9,16.0,76.7,6.8,4,0.0
0.1,-5.4,66.3,0.0,0.0,0.0,7.6,11.1,45.2,16.0,78.0,6.8,4,0.6
3.1,3.0,87.8,32.654,100.0,62.5,48.2,18.5,99.0,10.6,7.3,0.4,0,4.8
-6.7,-7.4,63.3,3.798,100.0,33.33,76.3,54.2,64.5,13.3,63.5,5.6,4,-0.6
-15.9,-19.6,46.2,0.0,0.0,0.0,44.5,19.1,20.9,16.0,79.2,7.0,4,-10.0
-8.3,-13.5,57.3,0.0,0.0,0.0,24.1,14.9,8.0,16.0,80.0,6.8,4,-5.9
-5.5,-11.8,55.2,0.0,0.0,0.0,18.4,11.4,50.9,16.0,55.2,4.7,3,-3.8
0.1,-8.0,55.2,0.0,0.0,0.0,14.8,6.9,45.6,16.0,80.0,7.0,4,0.6
0.2,-5.3,62.9,0.0,0.0,0.0,20.5,15.9,29.9,16.0,75.3,6.4,4,1.5
3.3,-2.7,64.2,0.0,0.0,0.0,14.8,10.4,29.0,16.0,81.4,7.1,4,3.9
7.5,2.2,71.4,0.0,0.0,0.0,22.3,16.7,23.5,15.9,81.1,7.0,4,7.6
11.1,10.5,95.2,5.631,100.0,29.17,18.4,13.1,86.5,10.3,15.9,1.4,1,11.2
10.4,7.1,81.7,0.0,0.0,0.0,18.4,11.2,44.7,13.2,75.8,6.5,4,10.5
10.0,6.3,78.8,0.0,0.0,0.0,14.8,11.8,74.5,15.8,44.2,3.9,2,10.2
15.2,11.5,79.5,0.0,0.0,0.0,46.7,23.9,80.3,15.9,35.8,3.1,2,15.2
15.8,13.2,84.7,0.0,0.0,0.0,38.9,18.0,69.0,16.0,28.0,2.4,1,15.8
12.7,7.4,72.6,0.0,0.0,0.0,16.6,17.1,66.1,14.6,59.4,5.2,4,12.7
6.2,-0.4,56.6,0.0,0.0,0.0,51.1,30.0,85.9,16.0,53.6,4.6,3,8.0
3.5,-3.5,54.0,0.0,0.0,0.0,38.9,19.7,58.9,16.0,75.0,6.5,5,5.5
0.1,-3.6,68.7,0.094,100.0,4.17,20.5,13.9,61.1,15.9,45.8,3.9,3,1.8
2.8,-2.6,62.3,0.0,0.0,0.0,47.1,25.2,29.4,15.8,85.2,7.5,4,4.9
1.8,-4.6,61.0,0.0,0.0,0.0,18.4,8.2,51.6,16.0,59.5,5.2,2,2.5
1.9,-1.6,74.0,0.228,100.0,8.33,22.3,13.1,59.2,15.7,50.3,4.5,2,2.8
7.2,5.4,85.9,3.702,100.0,25.0,46.4,14.5,92.3,14.7,38.5,3.4,2,7.7
5.7,2.6,68.5,4.014,100.0,20.83,59.4,35.8,81.1,15.6,71.3,6.3,4,8.4
-4.1,-5.8,57.7,0.0,0.0,0.0,53.5,32.6,91.9,16.0,27.2,2.3,1,1.6
-3.2,-7.8,50.2,0.0,0.0,0.0,51.8,31.6,8.8,16.0,93.7,8.1,5,1.7
2.6,-9.5,38.9,0.0,0.0,0.0,35.3,21.8,27.7,16.0,93.3,8.1,5,4.5
3.9,1.7,82.6,1.765,100.0,20.83,22.3,9.2,86.4,13.4,28.5,2.5,2,4.6
7.5,2.9,71.6,0.0,0.0,0.0,48.1,22.2,36.5,14.9,83.6,7.4,4,8.4
5.8,3.9,83.8,0.923,100.0,25.0,22.3,11.6,92.9,13.0,15.5,1.3,1,6.5
4.9,-0.3,62.6,0.0,0.0,0.0,61.3,33.7,67.6,13.8,57.4,5.0,3,7.2
1.7,-3.9,56.4,0.0,0.0,0.0,35.3,18.0,77.1,16.0,30.5,2.6,1,4.1
0.6,-0.3,86.7,4.574,100.0,41.67,29.5,16.1,85.3,13.1,19.0,1.5,1,1.6
1.5,-0.1,71.5,2.416,100.0,33.33,57.3,36.8,91.5,14.8,66.3,5.8,4,5.1
2.5,-4.4,58.5,0.0,0.0,0.0,40.7,16.7,40.8,16.0,90.4,7.9,4,3.7
2.1,1.0,82.5,9.206,100.0,50.0,42.5,18.8,93.0,11.9,12.0,0.9,0,3.8
4.2,-1.1,63.5,0.0,0.0,0.0,59.4,29.7,73.8,14.6,43.5,3.8,2,6.0
0.3,-6.5,53.4,0.0,0.0,0.0,35.3,17.9,35.4,16.0,88.1,7.7,4,2.6
4.0,-3.8,52.4,0.0,0.0,0.0,33.5,17.6,39.3,16.0,90.5,7.7,5,5.6
4.3,1.3,71.7,1.116,100.0,16.67,38.9,16.8,68.7,16.0,31.1,2.6,1,6.2
8.2,4.4,78.1,0.0,0.0,0.0,14.8,12.3,55.2,15.3,97.8,8.2,5,8.4
2.4,2.2,85.2,3.061,100.0,29.17,33.5,19.7,84.4,13.4,11.8,1.0,1,4.6
-1.7,-5.8,62.5,1.497,100.0,16.67,33.5,20.5,72.5,14.1,103.0,8.8,5,1.2
-0.3,-4.5,66.1,0.0,0.0,0.0,20.5,15.0,91.3,16.0,77.7,6.7,4,1.3
-6.8,-12.5,43.2,0.0,0.0,0.0,64.9,39.1,47.6,15.9,117.4,10.2,5,-0.7
-9.4,-17.5,36.2,0.0,0.0,0.0,48.2,23.9,24.5,16.0,115.8,10.0,5,-4.4
4.3,-6.1,41.0,0.0,0.0,0.0,48.2,23.8,65.4,16.0,90.8,7.9,4,6.5
6.1,-0.6,55.3,0.0,0.0,0.0,50.6,27.7,64.8,16.0,49.4,4.4,2,8.0
3.4,-1.7,66.5,0.0,0.0,0.0,37.1,18.8,53.2,15.6,79.3,6.8,4,4.5
11.1,1.4,54.2,0.0,0.0,0.0,37.1,18.8,74.7,16.0,109.8,9.5,5,11.1
13.3,6.3,63.0,0.0,0.0,0.0,50.2,20.5,84.7,16.0,74.5,6.5,3,13.3
13.2,3.3,51.1,0.0,0.0,0.0,52.1,29.1,55.9,16.0,107.3,9.2,4,13.7
4.4,-5.7,42.2,0.0,0.0,0.0,46.5,22.2,59.3,16.0,116.8,10.1,5,6.5
1.5,-0.4,75.9,21.029,100.0,62.5,47.9,23.7,84.8,14.0,18.0,1.4,1,3.6
5.7,-4.4,46.9,1.49,100.0,16.67,40.7,21.9,49.9,16.0,89.5,7.6,5,7.6
8.0,-2.5,49.4,0.0,0.0,0.0,24.1,14.3,39.1,16.0,131.9,11.3,6,8.5
13.2,4.0,52.2,0.094,100.0,4.17,47.5,22.8,67.2,16.0,106.5,9.2,5,13.9
12.0,9.9,86.6,7.227,100.0,29.17,29.5,12.0,76.0,13.8,33.3,2.7,2,12.1
8.6,5.8,74.6,13.215,100.0,29.17,76.9,45.8,89.1,14.1,26.5,2.5,1,10.5
-1.4,-8.6,46.3,0.0,0.0,0.0,54.0,32.7,22.5,16.0,146.0,12.7,6,2.1
7.7,-1.2,53.6,0.0,0.0,0.0,48.4,25.3,52.3,16.0,130.0,11.4,7,8.7
10.8,4.8,65.9,0.0,0.0,0.0,25.9,15.2,74.7,16.0,67.8,5.9,3,11.2
11.5,3.0,59.7,0.44,100.0,8.33,57.2,24.4,59.4,15.4,120.2,10.2,5,11.6
7.8,-0.5,55.5,0.407,100.0,8.33,35.3,15.7,76.0,15.9,62.8,5.5,3,8.1
14.1,6.7,63.0,0.0,0.0,0.0,31.7,14.1,48.9,15.9,133.8,11.6,6,14.3
11.0,-3.4,35.6,0.0,0.0,0.0,63.4,40.2,34.0,16.0,144.2,12.4,6,11.9
0.3,-4.1,66.1,0.196,100.0,4.17,20.5,15.1,79.6,14.8,38.2,3.3,2,2.0
5.0,1.4,71.7,0.0,0.0,0.0,37.1,17.5,62.2,14.9,138.8,11.9,6,6.6
5.5,0.4,65.7,3.655,100.0,29.17,42.5,23.7,71.1,15.7,72.0,6.4,4,6.9
8.6,4.3,73.5,1.62,100.0,8.33,46.4,18.4,63.0,14.5,126.9,11.0,7,9.3
7.9,3.3,72.2,0.0,0.0,0.0,48.1,23.6,30.8,15.4,156.5,13.5,6,8.4
12.8,6.4,68.0,1.239,100.0,20.83,37.1,18.8,67.5,15.7,74.9,6.5,4,12.9
4.2,2.1,74.7,8.753,100.0,54.17,55.4,21.6,88.4,12.6,22.1,2.0,1,6.5
7.7,1.1,61.7,1.263,100.0,4.17,64.6,40.8,50.5,15.9,179.0,15.4,6,8.9
8.9,-1.4,53.8,0.0,0.0,0.0,47.3,28.0,12.8,16.0,175.3,15.1,7,9.1
7.9,-1.3,53.6,0.0,0.0,0.0,20.5,9.9,30.8,16.0,167.9,14.4,7,8.2
5.2,-4.7,45.7,0.0,0.0,0.0,61.5,38.7,40.8,16.0,160.4,13.8,7,7.8
2.6,-6.8,39.5,0.0,0.0,0.0,50.2,30.7,9.9,16.0,187.1,16.0,7,6.1
5.4,-3.4,48.3,0.0,0.0,0.0,33.5,19.8,23.4,16.0,186.7,16.0,7,7.2
3.9,1.9,77.7,2.612,100.0,29.17,51.8,17.0,90.5,14.0,36.2,3.0,2,5.6
1.1,-3.7,51.9,0.0,0.0,0.0,59.0,33.9,89.1,16.0,119.5,10.5,6,5.5
0.6,-1.9,75.1,1.261,100.0,25.0,20.5,11.9,72.4,14.5,64.0,5.4,2,2.2
4.5,2.0,78.1,0.904,100.0,16.67,53.2,28.5,94.8,12.1,77.7,6.5,4,5.8
-2.8,-8.4,43.4,0.0,0.0,0.0,73.3,44.3,43.6,16.0,172.5,14.8,7,3.0
-0.1,-10.3,36.5,0.0,0.0,0.0,71.3,42.4,15.5,16.0,206.4,17.7,7,4.5
8.2,-9.7,30.4,0.0,0.0,0.0,27.7,19.7,41.6,16.0,203.6,17.6,7,8.9
13.0,2.2,49.4,0.358,100.0,4.17,51.8,21.8,86.0,15.9,59.3,4.9,2,13.1
5.9,-5.0,41.0,0.328,100.0,8.33,55.4,30.1,61.5,16.0,197.8,17.0,8,8.4
-2.9,-12.9,32.4,0.0,0.0,0.0,51.0,31.9,27.2,16.0,209.4,18.1,7,2.1
2.5,-10.3,36.5,0.0,0.0,0.0,27.7,16.6,8.4,16.0,212.9,18.3,7,3.9
7.4,-7.3,38.4,0.0,0.0,0.0,20.5,15.5,36.8,15.6,177.5,15.2,7,7.9
12.6,-2.5,35.1,0.0,0.0,0.0,39.9,22.4,78.8,16.0,162.3,14.1,7,13.2
17.6,9.2,60.7,0.0,0.0,0.0,57.2,22.2,64.8,15.9,146.2,12.7,7,17.7
12.2,9.5,81.6,13.333,100.0,54.17,24.1,18.6,95.0,14.0,20.9,1.8,1,12.8
7.7,7.0,91.8,2.802,100.0,33.33,38.9,16.9,99.5,12.0,40.0,3.5,4,8.3
13.0,1.2,50.3,0.0,0.0,0.0,40.7,23.5,18.6,13.1,225.8,19.4,8,13.4
11.1,7.4,77.6,0.173,100.0,8.33,35.3,12.8,60.6,15.4,70.3,6.0,2,11.2
10.6,1.6,54.1,0.0,0.0,0.0,40.7,26.4,52.1,15.9,184.9,15.9,6,11.1
10.0,-1.1,46.5,0.0,0.0,0.0,22.3,15.9,48.5,16.0,201.7,17.3,7,10.5
5.6,-5.8,39.6,0.0,0.0,0.0,54.0,27.7,17.3,16.0,232.8,20.1,8,7.6
10.0,4.2,64.6,0.0,0.0,0.0,59.4,33.7,63.9,16.0,91.3,7.9,5,10.9
17.6,11.3,69.1,4.904,100.0,37.5,93.3,52.3,77.4,15.7,138.7,12.0,7,17.8
8.1,-2.1,43.8,0.0,0.0,0.0,78.4,39.0,43.2,16.0,234.4,20.0,8,10.0
12.2,3.6,57.5,0.0,0.0,0.0,47.2,29.1,40.8,16.0,215.0,18.5,7,12.4
19.7,10.0,54.8,0.0,0.0,0.0,38.9,19.5,16.3,16.0,229.5,20.0,8,19.8
23.1,15.3,64.3,0.0,0.0,0.0,48.0,27.4,61.3,16.0,193.7,16.7,7,23.1
23.0,14.9,61.8,2.68,100.0,12.5,65.3,32.0,77.0,15.8,134.8,11.6,6,23.0
12.1,-0.6,41.9,0.27,100.0,8.33,40.3,25.7,84.4,16.0,44.8,3.9,2,12.2
8.0,-3.8,41.8,0.0,0.0,0.0,40.7,19.7,66.0,16.0,148.2,12.8,6,8.9
9.0,-2.8,48.3,0.0,0.0,0.0,16.6,11.2,22.9,16.0,244.7,21.0,8,9.2
10.8,-1.8,44.5,0.0,0.0,0.0,14.8,13.0,0.7,16.0,249.8,21.3,8,11.3
14.6,-0.2,40.1,0.0,0.0,0.0,31.7,16.6,27.2,16.0,252.8,21.7,8,15.1
19.8,4.5,38.8,0.0,0.0,0.0,45.3,27.4,40.2,16.0,242.9,20.9,8,20.1
20.3,6.8,46.2,0.0,0.0,0.0,31.7,13.9,3.2,16.0,254.5,22.0,8,20.8
19.9,11.5,60.6,0.0,0.0,0.0,35.3,19.8,62.7,15.5,145.3,12.5,7,19.9
20.1,16.6,81.8,5.739,100.0,20.83,20.5,16.5,81.9,15.4,179.9,15.5,7,20.1
20.9,14.9,71.6,0.0,0.0,0.0,29.5,18.5,60.4,15.0,165.3,14.4,6,20.9
16.4,4.2,46.9,0.103,100.0,8.33,54.7,25.9,76.5,15.8,201.3,17.4,8,16.4
15.0,-2.1,36.5,0.0,0.0,0.0,48.4,27.8,20.3,16.0,258.9,22.4,8,15.2
14.3,1.5,46.0,0.0,0.0,0.0,33.5,15.5,18.2,16.0,255.3,22.1,8,14.4
19.4,9.9,57.8,0.0,0.0,0.0,18.4,16.0,31.0,15.9,247.2,21.4,8,19.6
21.8,11.5,56.3,0.0,0.0,0.0,38.9,19.9,24.1,15.7,245.6,21.3,8,22.2
18.3,11.8,68.1,12.667,100.0,37.5,70.2,27.8,67.2,15.3,69.0,5.9,3,18.3
12.9,4.7,60.0,0.0,0.0,0.0,42.5,22.3,50.6,15.9,149.9,12.9,7,13.2
10.3,-2.0,41.3,0.0,0.0,0.0,42.5,21.8,57.0,16.0,244.3,21.2,8,11.2
10.3,-0.8,44.9,0.0,0.0,0.0,33.5,12.8,66.5,16.0,206.5,17.9,8,11.1
12.6,5.7,64.3,0.524,100.0,8.33,25.9,16.6,65.6,16.0,197.8,17.2,9,12.7
15.2,9.5,70.2,0.0,0.0,0.0,35.3,17.2,69.3,16.0,205.5,17.9,8,15.3
13.1,11.7,91.7,32.859,100.0,83.33,53.6,27.1,96.4,8.9,32.7,2.9,1,13.1
14.7,12.2,85.7,1.962,100.0,29.17,22.3,13.0,92.4,12.7,134.0,11.6,5,14.7
15.9,13.8,87.7,11.921,100.0,37.5,58.1,34.5,95.7,13.3,60.2,5.1,3,15.9
13.0,3.1,51.6,0.0,0.0,0.0,47.3,27.1,74.6,15.7,149.9,13.2,7,13.1
11.0,4.8,64.9,0.433,100.0,8.33,44.3,19.2,83.4,15.9,69.8,6.0,4,11.2
9.8,2.6,60.2,0.094,100.0,4.17,51.8,26.7,87.1,16.0,113.7,9.8,4,10.3
11.0,5.2,64.6,0.512,100.0,8.33,33.8,22.6,75.6,15.9,172.3,14.9,6,11.8
13.6,5.8,63.8,0.0,0.0,0.0,28.5,16.0,36.8,15.8,218.5,18.8,9,13.6
16.0,7.3,60.5,0.0,0.0,0.0,29.5,13.0,46.8,16.0,273.1,23.5,9,16.0
16.5,12.9,80.2,4.915,100.0,12.5,25.9,11.8,60.2,15.0,133.8,11.4,6,16.5
21.0,14.7,71.3,0.0,0.0,0.0,42.5,21.1,60.0,13.1,198.8,17.2,7,21.0
16.8,11.7,73.2,3.469,100.0,29.17,25.9,12.8,72.0,15.2,117.6,10.1,5,16.8
15.0,7.0,62.7,0.0,0.0,0.0,13.0,10.0,47.0,16.0,238.9,20.8,8,15.0
17.4,11.3,70.4,0.0,0.0,0.0,14.8,14.4,41.4,16.0,254.2,21.9,8,17.4
21.2,14.7,69.8,0.0,0.0,0.0,13.0,13.1,52.9,15.8,246.0,21.2,8,21.2
19.8,17.3,86.0,2.455,100.0,33.33,18.4,14.8,83.7,15.0,60.7,5.2,3,19.8
19.6,9.3,57.3,0.0,0.0,0.0,27.7,16.5,30.6,15.3,284.3,24.5,9,19.6
17.8,4.9,43.1,0.0,0.0,0.0,37.1,16.1,55.4,16.0,259.5,22.5,9,17.8
19.3,13.5,70.8,0.0,0.0,0.0,50.0,18.5,74.5,16.0,175.7,15.2,8,19.3
19.7,8.5,50.6,0.0,0.0,0.0,38.2,22.3,50.9,16.0,269.8,23.3,9,19.7
15.1,3.5,45.5,0.0,0.0,0.0,29.5,15.9,29.9,16.0,264.6,22.8,9,15.3
17.6,10.6,65.8,0.0,0.0,0.0,35.3,20.1,61.0,16.0,215.0,18.4,9,17.6
18.9,14.5,78.0,6.072,100.0,16.67,47.9,15.0,64.3,15.4,246.9,21.2,8,18.9
19.6,9.9,57.3,0.422,100.0,12.5,38.9,24.4,20.9,15.8,283.4,24.3,8,19.6
19.8,10.2,57.8,0.0,0.0,0.0,20.5,12.5,38.7,15.7,248.4,21.3,8,19.8
18.6,10.9,63.7,0.0,0.0,0.0,29.5,15.0,64.8,15.9,226.5,19.6,7,18.6
18.9,9.7,58.7,0.0,0.0,0.0,25.9,9.9,50.2,16.0,262.3,22.5,8,18.9
17.7,5.6,46.8,0.0,0.0,0.0,46.4,23.3,46.3,16.0,296.8,25.5,9,17.7
16.9,6.5,53.8,0.0,0.0,0.0,29.5,15.4,42.0,16.0,295.8,25.4,9,16.9
17.6,6.0,51.1,0.0,0.0,0.0,37.1,14.6,44.5,16.0,287.8,24.8,9,17.6
18.5,10.7,60.9,0.182,100.0,4.17,27.7,14.5,89.0,15.9,157.4,13.6,6,18.5
19.7,16.4,81.7,9.103,100.0,50.0,40.7,17.7,94.1,15.2,101.9,8.9,5,19.7
18.7,12.7,69.9,1.415,100.0,16.67,33.5,16.8,77.6,15.5,240.5,20.8,9,18.7
18.4,8.7,58.3,0.0,0.0,0.0,16.6,11.5,10.6,14.8,307.8,26.6,9,18.4
20.9,12.3,61.9,0.0,0.0,0.0,31.7,15.0,10.6,15.1,295.9,25.5,9,21.1
24.1,14.2,58.4,0.0,0.0,0.0,25.9,10.3,14.7,14.4,290.9,25.3,9,24.4
24.4,16.1,61.5,0.0,0.0,0.0,37.1,22.0,62.9,16.0,258.5,22.5,8,24.2
19.0,11.5,63.0,0.0,0.0,0.0,40.7,15.9,75.9,16.0,208.2,18.0,8,19.0
19.8,9.8,57.3,0.0,0.0,0.0,33.5,16.3,42.4,16.0,287.9,24.8,9,19.8
20.9,8.4,47.5,0.0,0.0,0.0,40.5,24.8,57.9,13.7,221.0,19.1,7,21.1
21.5,8.0,44.2,0.0,0.0,0.0,33.5,17.9,60.1,9.7,238.9,20.6,7,21.5
19.9,6.7,45.4,0.0,0.0,0.0,33.5,15.5,69.0,7.5,237.6,20.7,8,19.9
19.1,8.1,50.3,0.0,0.0,0.0,51.8,20.8,64.0,16.0,185.7,15.9,7,19.1
21.2,9.2,50.2,0.0,0.0,0.0,33.5,17.3,25.7,16.0,290.7,25.0,9,21.6
24.0,13.3,53.5,0.0,0.0,0.0,38.9,23.1,58.5,15.8,252.1,21.7,8,24.3
23.1,17.2,69.7,3.451,100.0,29.17,49.5,23.3,80.3,15.4,97.5,8.4,3,23.1
20.7,11.1,57.8,0.0,0.0,0.0,31.7,15.0,50.7,16.0,238.2,20.6,8,20.7
21.1,11.0,55.1,0.335,100.0,12.5,56.7,29.2,56.2,15.9,180.5,15.5,7,21.2
21.1,9.0,49.3,0.0,0.0,0.0,37.1,15.1,26.6,16.0,281.2,24.3,9,21.3
21.0,14.4,67.2,1.715,100.0,12.5,46.2,26.2,67.0,15.6,176.9,15.2,8,20.9
22.2,11.9,55.2,0.0,0.0,0.0,47.6,29.1,31.2,14.6,273.2,23.7,9,22.4
22.7,9.4,45.8,0.0,0.0,0.0,25.9,15.6,12.8,14.9,298.4,25.8,9,23.1
24.1,16.2,64.4,0.403,100.0,8.33,38.9,17.8,56.3,13.5,216.4,18.6,8,23.8
23.9,18.1,71.3,0.088,100.0,4.17,46.4,21.0,70.5,14.6,137.1,11.7,6,23.8
18.4,16.0,86.0,13.945,100.0,75.0,64.8,21.8,91.6,12.1,44.0,3.9,2,18.4
17.5,16.3,92.8,3.624,100.0,58.33,38.9,15.0,100.0,10.2,68.4,6.0,2,17.5
21.4,20.2,92.7,8.304,100.0,66.67,24.1,14.1,91.2,11.2,77.9,6.7,3,21.4
25.5,20.3,77.3,2.449,100.0,29.17,14.8,18.4,84.5,15.0,200.0,17.2,7,25.0
26.8,18.9,65.9,0.0,0.0,0.0,29.5,17.7,45.3,15.8,245.2,21.2,9,26.3
27.9,20.5,69.8,0.0,0.0,0.0,38.9,19.9,69.7,15.9,190.0,16.1,7,26.8
23.5,18.6,75.0,12.874,100.0,37.5,54.6,15.5,75.2,15.7,150.5,12.9,6,23.4
23.1,16.2,66.5,1.454,100.0,4.17,42.4,22.8,57.7,11.4,167.9,14.5,6,23.1
23.2,15.0,62.5,0.0,0.0,0.0,13.0,12.7,40.4,6.5,260.9,22.6,8,23.3
24.6,19.5,76.7,7.409,100.0,25.0,50.0,15.7,54.6,9.9,185.3,15.9,8,24.1
25.9,21.3,81.3,4.299,100.0,12.5,51.1,14.8,72.6,11.5,198.9,17.2,9,24.8
29.1,22.8,79.9,0.157,100.0,4.17,31.7,17.3,74.8,15.2,191.5,16.4,5,26.8
28.8,21.9,73.4,12.428,100.0,16.67,51.8,14.5,68.5,15.9,223.0,19.1,9,27.4
28.3,21.1,72.6,14.707,100.0,12.5,55.4,18.7,52.5,15.1,282.6,24.3,10,27.0
29.0,21.3,70.5,0.0,0.0,0.0,40.7,16.3,54.7,15.0,248.6,21.5,10,27.5
28.4,22.3,77.3,1.505,100.0,8.33,44.4,15.5,44.2,15.7,217.6,18.7,8,26.9
28.5,22.5,78.7,7.935,100.0,20.83,38.9,12.0,53.1,14.9,223.3,19.4,10,26.7
28.6,22.4,77.2,5.52,100.0,12.5,54.9,15.8,69.4,15.8,266.6,23.1,8,27.0
25.4,21.6,82.6,6.185,100.0,12.5,59.0,15.1,67.4,15.5,152.0,13.0,7,24.9
25.6,18.1,66.6,0.0,0.0,0.0,33.5,18.3,56.5,16.0,254.8,21.9,10,25.4
26.0,15.6,55.3,0.0,0.0,0.0,29.5,11.9,29.0,16.0,304.5,26.4,10,26.2
27.1,17.4,59.1,0.0,0.0,0.0,38.9,13.2,29.4,16.0,300.0,26.0,10,26.9
30.1,20.1,62.5,0.0,0.0,0.0,42.5,20.3,43.2,16.0,291.7,25.2,9,28.5
27.6,20.3,70.1,18.316,100.0,12.5,64.8,19.8,62.6,15.4,229.7,19.8,9,26.5
28.6,23.0,83.1,0.602,100.0,8.33,50.0,21.0,65.5,15.3,177.9,15.3,8,26.3
27.4,22.7,82.6,8.277,100.0,16.67,18.4,10.9,74.9,15.2,161.8,13.9,7,26.2
27.4,20.0,69.4,0.0,0.0,0.0,29.5,14.8,25.6,12.2,245.3,21.2,8,26.7
27.2,19.0,64.9,0.0,0.0,0.0,27.7,14.2,37.4,13.2,287.4,25.0,9,26.8
27.2,21.3,76.1,17.023,100.0,20.83,14.8,11.2,64.2,14.9,227.9,19.6,10,26.2
27.7,20.0,67.7,0.0,0.0,0.0,18.4,13.8,34.9,15.2,228.6,19.6,9,26.8
26.0,19.2,70.0,8.922,100.0,20.83,65.4,29.9,60.2,15.1,260.3,22.6,10,25.7
24.7,16.2,61.0,0.0,0.0,0.0,14.8,13.6,53.3,15.7,241.3,21.1,9,24.7
25.3,17.8,66.8,0.0,0.0,0.0,37.1,16.0,28.0,16.0,235.5,20.2,10,25.0
27.0,20.6,72.2,0.409,100.0,4.17,35.3,18.7,59.7,16.0,219.5,19.1,9,26.1
27.1,21.0,75.2,1.516,100.0,8.33,27.7,13.7,70.1,15.3,257.5,22.1,9,26.3
27.6,20.9,75.6,0.0,0.0,0.0,31.7,15.2,18.2,15.3,269.3,23.3,9,26.0
30.6,22.7,72.9,0.754,100.0,8.33,57.2,20.3,49.3,15.8,209.4,18.1,9,28.6
31.7,22.9,72.2,2.734,100.0,20.83,50.0,17.3,46.1,15.7,236.3,20.3,9,28.9
29.6,21.7,72.1,7.919,100.0,8.33,96.1,24.6,58.8,15.7,244.3,21.0,10,27.6
25.7,16.3,57.8,0.0,0.0,0.0,31.3,18.4,39.6,16.0,306.8,26.5,9,25.8
24.5,16.3,63.5,5.887,100.0,8.33,33.5,19.1,51.9,15.8,281.7,24.3,10,24.5
22.3,14.3,62.4,0.0,0.0,0.0,27.7,15.5,21.3,16.0,218.4,18.9,6,22.3
22.7,15.0,64.4,0.0,0.0,0.0,18.4,13.6,48.2,15.9,242.9,21.0,9,22.7
21.7,17.2,76.7,2.292,100.0,25.0,53.6,24.9,79.5,15.2,80.8,7.1,3,21.7
22.5,19.1,82.6,0.864,100.0,20.83,47.9,15.9,79.6,13.2,189.6,16.3,10,22.4
25.3,19.7,75.6,0.189,100.0,4.17,14.8,10.9,57.2,15.6,274.8,23.8,10,24.8
26.3,21.4,81.1,12.141,100.0,25.0,56.0,18.3,64.1,15.0,229.1,19.9,10,25.1
26.6,22.2,84.4,16.553,100.0,25.0,76.8,33.4,81.7,15.2,158.3,13.6,10,25.3
24.9,17.2,65.7,4.497,100.0,8.33,55.2,37.6,52.0,15.5,232.5,20.0,9,24.9
25.5,17.0,61.7,0.0,0.0,0.0,38.9,15.3,33.9,16.0,272.2,23.5,9,25.2
25.0,20.6,79.1,1.239,100.0,12.5,60.8,20.7,70.6,15.2,144.4,12.4,10,24.5
25.7,18.3,66.9,0.0,0.0,0.0,31.7,15.5,45.2,15.3,209.8,18.1,7,25.3
28.2,20.5,70.6,0.0,0.0,0.0,37.1,17.7,44.7,15.8,225.0,19.6,9,26.8
29.3,19.8,62.1,0.0,0.0,0.0,37.1,22.0,51.9,16.0,231.3,20.0,9,28.5
26.8,21.1,77.3,10.684,100.0,16.67,61.5,18.0,60.6,15.8,180.8,15.7,10,25.8
28.2,22.8,79.9,10.337,100.0,29.17,37.1,15.8,68.9,15.2,142.0,12.4,9,26.8
25.5,17.6,63.6,0.0,0.0,0.0,29.5,15.1,52.7,16.0,209.7,17.9,8,25.3
27.4,20.3,72.4,0.0,0.0,0.0,38.9,18.8,48.6,16.0,190.0,16.4,9,26.1
25.4,15.7,58.2,0.0,0.0,0.0,44.3,24.5,44.1,15.9,223.0,19.1,10,25.5
21.9,11.4,53.8,0.0,0.0,0.0,33.5,13.1,10.8,16.0,263.8,22.7,9,22.1
24.0,16.4,66.6,0.0,0.0,0.0,29.5,14.0,13.9,16.0,242.4,20.9,8,23.7
27.3,19.4,68.2,0.0,0.0,0.0,29.5,13.1,51.5,16.0,219.3,18.9,9,26.5
25.1,15.3,57.5,0.0,0.0,0.0,60.8,20.2,53.2,15.8,252.4,22.0,8,25.3
22.3,13.2,59.0,0.0,0.0,0.0,16.6,15.7,36.3,16.0,192.1,16.6,8,22.5
24.0,17.1,66.5,0.0,0.0,0.0,29.5,16.1,78.4,16.0,176.8,15.3,8,23.7
28.4,21.2,71.8,3.586,100.0,12.5,70.2,21.7,68.9,15.9,232.0,20.1,8,27.1
29.1,20.7,66.7,0.0,0.0,0.0,31.7,22.8,42.5,15.7,221.1,19.0,9,28.1
27.1,18.8,63.2,0.0,0.0,0.0,18.4,15.2,72.8,16.0,197.5,17.1,10,26.7
24.1,20.6,81.2,0.182,100.0,8.33,22.3,12.7,75.8,16.0,77.4,6.6,4,24.1
24.4,21.6,85.0,0.316,100.0,12.5,38.9,12.7,93.0,14.8,69.3,5.9,2,24.3
26.0,17.6,63.7,0.0,0.0,0.0,42.1,21.8,72.5,15.9,193.8,16.9,8,26.1
22.9,10.9,48.5,0.0,0.0,0.0,43.5,24.8,37.8,16.0,251.7,21.8,9,23.0
21.1,10.5,52.5,0.0,0.0,0.0,16.6,12.4,9.4,15.9,235.8,20.4,8,21.1
22.0,14.6,65.8,0.0,0.0,0.0,29.5,15.5,15.3,16.0,230.2,19.9,8,22.0
27.7,17.8,61.1,0.0,0.0,0.0,35.3,13.5,32.5,16.0,223.8,19.5,8,27.1
29.7,19.3,60.2,0.0,0.0,0.0,37.1,20.6,45.1,16.0,234.8,20.3,9,28.8
30.8,19.4,56.7,0.0,0.0,0.0,33.5,16.8,35.8,16.0,222.3,19.3,8,29.6
30.6,20.0,60.7,0.0,0.0,0.0,13.0,10.7,25.7,15.9,222.3,19.3,8,29.2
29.4,21.4,69.2,0.394,100.0,4.17,47.9,15.5,43.4,15.4,116.5,10.0,8,28.0
27.3,20.0,69.8,6.08,100.0,20.83,37.1,15.4,63.0,15.7,156.3,13.5,7,26.4
23.7,20.1,83.5,18.469,100.0,37.5,50.0,20.7,73.9,14.6,129.7,11.4,9,23.3
23.2,20.5,85.5,2.345,100.0,54.17,13.0,8.3,76.2,15.2,116.3,10.0,5,23.2
25.4,19.7,74.4,13.104,100.0,33.33,42.7,15.7,69.7,15.1,196.5,17.2,10,25.1
25.5,18.8,69.9,14.428,100.0,12.5,31.7,12.8,62.3,15.5,174.5,15.2,7,25.0
24.2,16.4,63.8,0.0,0.0,0.0,29.5,19.0,75.6,16.0,193.2,16.7,8,24.2
22.2,11.6,53.3,0.0,0.0,0.0,35.3,20.1,30.1,16.0,214.5,18.4,8,22.3
19.4,9.0,52.8,0.0,0.0,0.0,40.7,21.4,5.1,16.0,222.4,19.2,8,19.4
19.3,7.4,51.6,0.0,0.0,0.0,35.3,17.8,7.8,16.0,224.3,19.5,8,19.3
18.2,13.3,73.6,1.944,100.0,41.67,57.8,14.8,66.7,15.5,69.5,6.1,5,18.2
20.4,11.1,59.1,0.094,100.0,4.17,40.7,26.1,64.1,16.0,132.1,11.5,8,20.4
19.8,9.0,50.9,0.0,0.0,0.0,37.1,22.9,26.4,16.0,164.0,14.2,9,19.8
19.0,11.1,63.9,0.0,0.0,0.0,9.4,8.8,36.8,16.0,188.8,16.3,7,19.0
19.4,12.5,67.2,0.0,0.0,0.0,13.0,11.9,44.7,16.0,161.3,13.9,8,19.4
18.8,12.5,68.0,0.0,0.0,0.0,51.9,22.1,67.1,16.0,109.6,9.4,7,18.8
15.8,14.4,91.5,33.035,100.0,100.0,61.2,28.2,94.4,9.7,22.1,1.9,1,15.8
18.5,17.1,91.8,27.252,100.0,66.67,48.2,21.3,98.5,11.7,49.0,4.1,2,18.5
18.5,15.6,83.5,0.314,100.0,8.33,20.5,16.6,94.2,15.1,65.7,5.6,3,18.5
15.7,14.4,92.1,1.867,100.0,54.17,25.9,13.9,98.8,10.4,30.9,2.7,1,15.7
16.8,11.3,71.7,0.0,0.0,0.0,18.4,14.5,67.9,16.0,174.3,15.1,7,16.8
16.4,12.6,78.9,0.315,100.0,8.33,20.5,12.4,74.5,15.9,87.5,7.6,4,16.4
18.4,15.5,83.9,0.118,100.0,4.17,22.3,15.9,99.9,13.9,72.1,6.3,3,18.4
20.4,15.9,76.2,0.0,0.0,0.0,24.1,16.5,91.1,16.0,125.8,10.9,8,20.4
20.9,14.6,70.6,0.0,0.0,0.0,31.7,16.9,14.7,15.6,171.0,14.7,7,20.9
21.6,15.5,70.9,0.0,0.0,0.0,16.6,9.5,19.3,16.0,168.0,14.5,7,21.5
21.8,16.0,72.9,0.0,0.0,0.0,11.2,7.2,21.1,15.8,133.3,11.5,7,21.7
20.6,14.4,70.7,0.0,0.0,0.0,14.8,12.4,12.7,14.3,165.4,14.3,7,20.5
19.5,15.9,80.8,0.0,0.0,0.0,25.9,13.7,47.2,15.9,90.4,7.7,7,19.5
21.5,18.6,84.2,0.0,0.0,0.0,16.6,9.4,75.3,14.2,93.9,8.1,5,21.5
17.1,10.6,68.9,2.543,100.0,29.17,53.5,29.0,51.4,15.2,147.1,12.6,7,17.1
11.7,2.6,55.5,0.0,0.0,0.0,50.4,30.9,34.2,16.0,157.8,13.5,9,11.9
11.1,4.7,64.6,0.0,0.0,0.0,50.0,15.7,62.0,16.0,115.3,9.9,6,11.5
13.9,7.8,69.6,0.0,0.0,0.0,35.7,16.8,64.0,15.9,138.1,12.0,6,14.0
14.4,6.5,64.6,0.0,0.0,0.0,14.8,14.6,39.3,15.8,144.6,12.5,7,14.4
15.7,8.0,64.8,0.0,0.0,0.0,7.6,8.4,28.7,15.8,152.4,13.1,6,15.7
15.8,9.1,66.7,0.0,0.0,0.0,14.8,12.5,27.9,16.0,148.7,12.8,6,15.8
14.3,12.4,88.8,8.863,100.0,58.33,33.5,22.7,92.3,14.1,23.7,1.9,1,14.3
12.1,6.6,69.9,0.966,100.0,25.0,46.0,29.5,66.8,15.5,78.4,6.6,6,12.4
11.5,5.7,67.4,0.0,0.0,0.0,37.1,22.5,56.3,16.0,116.6,10.0,6,11.8
13.2,7.6,69.8,0.0,0.0,0.0,33.5,20.8,79.8,16.0,96.7,8.6,7,13.2
12.5,6.7,70.1,0.0,0.0,0.0,29.5,12.7,75.8,16.0,99.2,8.5,8,12.5
13.6,8.5,73.7,0.0,0.0,0.0,40.7,19.9,37.3,15.7,139.2,12.2,6,13.6
15.1,12.2,82.9,0.844,100.0,20.83,37.1,14.8,84.9,15.2,36.1,2.9,1,15.1
14.5,7.8,66.0,0.0,0.0,0.0,63.4,38.0,67.6,16.0,77.8,6.6,4,14.5
12.7,4.3,59.5,0.413,100.0,8.33,59.4,38.1,47.7,15.9,145.6,12.6,7,12.7
9.8,1.5,56.0,0.0,0.0,0.0,37.1,20.1,0.4,16.0,140.4,12.0,6,10.6
11.5,4.5,67.1,0.0,0.0,0.0,29.5,15.1,5.6,16.0,135.5,11.7,6,11.5
15.1,6.7,61.2,0.0,0.0,0.0,20.5,13.0,34.1,16.0,119.2,10.3,6,15.2
17.5,9.6,63.5,0.0,0.0,0.0,14.8,10.0,46.5,15.8,121.5,10.4,6,17.5
20.0,14.1,71.3,0.0,0.0,0.0,18.4,9.2,63.4,15.9,81.8,7.2,4,20.0
20.9,15.1,72.3,0.0,0.0,0.0,24.1,12.5,44.7,15.8,121.0,10.4,5,20.9
20.5,16.4,78.1,0.441,100.0,12.5,22.3,11.2,81.1,15.9,80.4,6.8,5,20.5
16.7,12.3,76.7,1.428,100.0,16.67,50.0,30.1,73.1,15.6,77.0,6.7,5,16.7
8.6,0.3,53.9,0.088,100.0,4.17,37.1,20.2,74.7,16.0,99.6,8.6,7,9.4
2.4,-3.6,52.8,0.0,0.0,0.0,55.7,32.9,45.0,16.0,126.6,10.9,6,5.7
3.6,-5.2,52.6,0.0,0.0,0.0,16.6,10.3,12.5,16.0,116.7,10.1,6,4.6
6.4,-1.2,60.2,0.0,0.0,0.0,31.3,15.5,7.5,16.0,123.3,10.4,6,7.0
10.0,0.9,58.8,0.0,0.0,0.0,13.0,8.3,43.8,16.0,125.1,10.9,7,10.1
12.4,3.2,57.7,0.0,0.0,0.0,33.5,18.5,26.7,16.0,112.9,10.1,5,12.4
11.8,5.3,65.4,0.0,0.0,0.0,29.5,12.5,55.3,16.0,103.0,9.0,5,12.0
16.7,7.7,57.6,0.0,0.0,0.0,33.5,13.6,59.0,16.0,51.8,4.4,3,16.7
12.9,3.6,54.1,0.0,0.0,0.0,20.5,19.4,26.2,16.0,110.7,9.7,5,13.1
15.0,9.4,70.4,0.379,100.0,4.17,38.9,18.0,49.1,15.5,90.1,7.7,5,15.1
8.0,4.3,77.1,4.997,100.0,37.5,33.5,20.1,76.3,13.3,11.8,1.1,1,8.5
7.0,1.9,73.3,0.0,0.0,0.0,13.0,15.6,37.4,14.2,110.4,9.5,5,7.1
5.4,-0.1,64.3,0.0,0.0,0.0,16.6,16.3,52.7,15.9,92.0,7.8,6,6.6
5.2,0.5,70.3,0.0,0.0,0.0,25.9,15.8,10.0,15.2,100.4,8.9,5,5.8
7.9,-0.1,57.3,0.0,0.0,0.0,37.3,20.8,19.6,16.0,103.3,8.8,5,8.6
8.2,1.3,64.3,0.0,0.0,0.0,35.3,18.2,73.3,16.0,82.0,7.1,5,8.3
11.4,1.6,55.3,0.0,0.0,0.0,16.6,13.0,32.5,15.9,100.7,8.7,5,11.5
14.1,8.8,71.1,0.79,100.0,4.17,46.4,23.5,60.3,15.9,82.6,7.1,4,14.3
11.7,4.2,62.1,0.644,100.0,12.5,55.1,29.5,41.7,15.7,98.3,8.6,5,12.1
7.7,-2.3,51.1,0.0,0.0,0.0,32.1,18.4,0.5,16.0,99.7,8.6,5,8.0
4.6,-1.9,58.4,0.0,0.0,0.0,16.6,13.8,50.5,16.0,65.3,5.5,3,5.9
7.0,5.2,83.6,46.25,100.0,66.67,57.2,24.9,95.1,11.4,9.4,0.7,1,7.9
10.7,6.5,75.1,3.689,100.0,12.5,50.1,29.5,77.5,15.0,99.3,8.7,5,11.2
7.8,0.7,57.1,0.0,0.0,0.0,50.0,20.7,15.5,16.0,85.8,7.5,5,9.1
6.2,-0.2,59.4,0.0,0.0,0.0,35.3,22.6,51.4,16.0,64.3,5.7,3,7.5
1.1,-6.5,50.9,0.0,0.0,0.0,20.5,19.7,44.3,16.0,98.5,8.6,5,2.9
3.8,1.3,80.8,1.3,100.0,25.0,13.0,12.2,86.2,14.5,43.5,3.8,2,4.3
2.5,-2.2,63.7,0.0,0.0,0.0,59.6,31.3,25.0,15.6,100.5,8.6,5,4.9
-3.1,-10.1,44.3,0.0,0.0,0.0,61.2,36.3,48.1,16.0,79.9,6.9,5,1.2
-2.9,-12.0,41.7,0.0,0.0,0.0,22.3,14.9,43.6,16.0,82.3,7.3,5,-0.1
4.3,-4.8,50.2,0.0,0.0,0.0,33.5,17.8,39.5,16.0,76.7,6.6,5,5.1
5.4,2.0,73.9,3.107,100.0,29.17,33.5,12.7,70.5,14.1,24.2,2.3,2,6.5
9.9,8.7,91.7,0.202,100.0,8.33,14.8,8.2,91.0,7.1,57.3,5.0,3,10.0
11.9,10.9,93.3,16.567,100.0,41.67,24.1,11.8,93.5,7.8,18.1,1.5,1,11.9
8.4,1.7,62.3,0.0,0.0,0.0,37.1,20.5,59.5,15.9,61.0,5.4,4,8.8
5.5,-1.0,59.5,0.0,0.0,0.0,20.5,13.8,66.0,16.0,59.9,5.3,4,6.6
2.1,-1.9,61.3,0.0,0.0,0.0,47.4,25.7,80.4,15.9,61.2,5.4,6,5.2
2.5,-3.4,57.4,0.0,0.0,0.0,35.3,18.9,74.3,16.0,27.5,2.5,2,4.4
6.4,-0.1,65.5,0.0,0.0,0.0,31.7,14.0,38.1,16.0,76.3,6.6,4,6.5
6.5,2.0,73.8,0.0,0.0,0.0,22.3,9.9,41.1,15.9,52.5,4.6,4,6.7
12.3,10.7,87.1,27.699,100.0,58.33,55.3,33.9,93.3,12.0,12.6,1.0,1,12.8
0.5,-1.8,67.4,11.478,100.0,29.17,56.2,32.9,53.3,14.7,64.4,5.7,5,4.1
1.0,-4.2,62.9,0.0,0.0,0.0,20.5,14.8,11.1,16.0,78.2,6.8,4,2.6
2.7,-5.6,54.2,0.0,0.0,0.0,35.3,18.0,29.1,16.0,74.8,6.6,4,4.0
1.4,-7.5,51.6,0.0,0.0,0.0,18.4,10.2,13.6,16.0,75.0,6.6,4,2.3
5.4,-3.7,55.6,0.0,0.0,0.0,33.5,20.6,8.4,16.0,75.9,6.6,4,5.5
6.0,-0.9,63.6,0.0,0.0,0.0,16.6,10.1,48.7,16.0,79.0,6.9,4,6.3
8.9,7.7,90.2,35.551,100.0,37.5,44.6,22.2,94.1,7.5,13.9,1.2,1,9.2
9.0,2.3,60.8,15.074,100.0,25.0,69.9,43.4,82.7,14.4,89.3,7.7,5,10.0
-1.2,-6.7,48.9,0.0,0.0,0.0,57.4,36.2,41.2,16.0,64.4,5.5,5,3.1
0.2,-7.2,54.4,0.0,0.0,0.0,16.6,15.3,20.6,16.0,83.5,7.1,4,1.7
2.3,-5.1,57.6,0.0,0.0,0.0,16.6,11.2,69.1,16.0,41.5,3.6,2,3.1
4.6,-1.3,65.1,0.0,0.0,0.0,13.0,9.4,69.3,16.0,70.6,6.1,4,5.0
4.5,1.7,79.4,0.0,0.0,0.0,14.8,11.6,83.9,15.6,41.3,3.6,2,5.0
6.8,4.2,83.9,0.451,100.0,16.67,9.4,5.1,88.8,15.4,36.5,3.1,2,6.8
7.6,4.0,78.7,0.0,0.0,0.0,11.2,5.1,71.1,12.8,71.4,6.0,4,7.7
7.9,7.0,91.4,4.565,100.0,62.5,16.6,7.8,98.1,10.5,18.2,1.4,1,8.3
10.0,9.5,93.1,18.45,100.0,83.33,33.5,12.5,98.6,8.9,18.2,1.6,1,10.5
11.9,9.0,83.3,0.727,100.0,20.83,29.5,13.7,89.6,14.0,50.5,4.4,3,11.9
8.1,1.2,58.7,0.0,0.0,0.0,44.6,21.6,86.3,15.9,57.4,5.2,3,9.1
3.8,-1.9,58.5,0.0,0.0,0.0,50.0,17.2,74.1,16.0,47.8,4.2,2,5.9
4.5,-2.1,55.7,0.0,0.0,0.0,37.1,15.5,79.3,16.0,86.4,7.5,5,6.2
2.0,0.3,76.4,0.206,100.0,8.33,29.5,18.4,90.0,15.4,13.9,1.2,1,4.2
0.5,-3.4,58.9,0.0,0.0,0.0,46.0,26.7,43.4,16.0,87.8,7.5,4,4.0
2.3,-3.8,60.8,0.0,0.0,0.0,13.0,10.5,56.6,16.0,83.0,7.2,4,3.4
1.1,-4.2,55.8,0.0,0.0,0.0,51.8,31.3,64.4,16.0,38.5,3.4,3,4.1
-1.7,-7.7,55.9,0.0,0.0,0.0,22.3,16.3,30.0,16.0,85.1,7.4,5,0.3
-0.9,-1.3,80.1,24.869,100.0,41.67,51.8,20.8,91.8,12.4,7.5,0.7,0,1.8
2.6,-0.5,72.2,0.0,0.0,0.0,54.2,27.9,63.4,14.7,76.9,6.8,6,4.5
2.8,-2.4,61.1,0.0,0.0,0.0,41.9,18.5,53.9,16.0,83.3,7.3,5,4.7
6.8,5.8,83.4,46.799,100.0,62.5,77.8,38.5,94.6,11.2,4.9,0.5,0,8.4
7.6,-0.2,53.6,0.475,100.0,4.17,57.6,25.6,66.3,16.0,45.2,4.0,3,9.1
3.3,-2.0,64.1,0.0,0.0,0.0,38.9,19.2,15.0,16.0,90.8,7.9,5,4.6
4.3,0.5,72.0,11.216,100.0,20.83,55.4,21.5,50.8,14.8,60.3,5.2,3,5.6
5.5,0.6,64.4,2.652,100.0,25.0,63.1,33.2,61.7,15.0,88.0,7.6,5,7.8
-2.7,-10.0,45.3,0.0,0.0,0.0,63.4,34.1,32.9,15.9,70.7,6.1,4,1.5
-3.3,-6.6,75.3,6.277,100.0,66.67,16.6,15.5,94.2,7.2,11.0,0.9,1,-2.2
-7.5,-7.0,73.0,0.988,100.0,29.17,60.0,36.5,77.7,11.9,16.5,1.4,1,-2.6
-10.3,-16.0,46.5,0.0,0.0,0.0,35.3,19.9,4.2,16.0,97.0,8.3,5,-6.0
-3.5,-10.5,56.9,0.0,0.0,0.0,14.8,10.0,61.5,16.0,55.1,4.8,3,-2.9
-4.7,-4.5,77.0,5.243,100.0,62.5,29.5,20.8,86.6,8.6,10.9,0.8,0,-0.9
-11.6,-13.3,52.9,0.0,0.0,0.0,53.9,33.5,53.9,15.8,85.6,7.3,6,-5.0
-9.5,-12.4,50.4,0.0,0.0,0.0,57.4,36.2,17.8,16.0,99.3,8.5,5,-3.5
-4.7,-10.1,59.7,0.0,0.0,0.0,20.5,12.9,31.0,16.0,103.7,8.9,5,-3.0
1.2,-5.6,61.8,0.0,0.0,0.0,16.6,6.8,71.9,16.0,69.9,6.1,3,1.4
6.0,2.0,74.2,0.0,0.0,0.0,20.5,6.9,96.5,14.5,34.1,2.9,1,6.2
13.9,12.3,90.3,2.376,100.0,54.17,25.9,9.9,98.9,9.8,25.2,2.1,1,13.9
19.4,13.5,71.8,0.95,100.0,12.5,40.7,18.2,74.6,14.3,73.8,6.5,5,19.4
11.1,6.5,74.0,2.952,100.0,8.33,22.3,13.8,72.6,15.6,40.3,3.4,4,11.2
4.6,5.0,87.9,33.21,100.0,58.33,37.1,17.9,98.0,10.9,28.3,2.4,1,6.9
2.4,-0.4,64.0,0.0,0.0,0.0,56.5,36.9,78.5,15.9,66.9,5.8,3,6.1
2.9,-1.5,62.9,0.0,0.0,0.0,24.1,15.4,99.5,16.0,47.8,4.1,2,5.0
3.7,0.3,76.4,0.0,0.0,0.0,20.5,9.3,81.3,15.7,29.6,2.5,2,4.2
4.6,0.1,72.0,0.0,0.0,0.0,18.4,14.5,35.5,13.8,103.5,9.2,5,5.3
7.0,1.4,63.5,0.057,100.0,4.17,44.6,27.4,93.3,16.0,49.3,4.2,2,8.2
3.3,-3.6,53.9,0.0,0.0,0.0,31.0,19.9,14.7,16.0,102.9,9.0,5,5.3
3.7,-4.4,58.3,0.0,0.0,0.0,9.4,11.1,5.4,16.0,110.3,9.5,5,4.1
2.9,-4.1,57.8,0.0,0.0,0.0,18.4,15.7,7.2,16.0,108.2,9.4,5,4.3
0.5,-6.3,52.0,0.0,0.0,0.0,53.6,16.3,4.9,16.0,122.8,10.6,6,3.1
2.6,-5.8,55.4,0.0,0.0,0.0,11.2,9.7,19.7,16.0,112.8,9.7,6,3.0
5.2,-2.4,58.4,0.0,0.0,0.0,20.5,14.4,61.3,16.0,118.3,10.2,6,5.9
9.7,1.2,54.8,0.0,0.0,0.0,16.6,13.2,64.1,16.0,106.5,9.3,5,10.3
11.9,6.5,70.2,0.0,0.0,0.0,29.5,19.5,74.8,16.0,46.3,3.8,3,11.9
10.7,8.8,88.0,3.442,100.0,41.67,24.1,13.6,90.1,13.8,25.3,2.1,1,10.7
7.9,7.2,90.9,2.376,100.0,37.5,24.1,10.8,99.1,5.8,15.9,1.4,1,8.6
2.4,0.6,72.9,17.837,100.0,45.83,58.1,35.2,82.8,12.3,87.9,7.6,6,5.5
1.8,-5.8,48.0,0.0,0.0,0.0,45.6,31.6,45.7,16.0,115.8,10.0,6,4.6
2.5,-3.8,59.2,0.0,0.0,0.0,46.4,26.1,42.9,16.0,116.7,10.0,6,3.8
4.0,-7.5,36.6,0.0,0.0,0.0,55.1,28.8,50.5,16.0,113.8,9.8,5,6.7
-2.2,-6.2,58.1,2.118,100.0,16.67,58.3,35.2,69.0,14.8,111.5,9.5,6,1.9
-0.5,-9.8,45.0,0.0,0.0,0.0,41.4,22.0,31.7,16.0,136.2,11.9,6,1.8
2.5,-6.9,48.1,0.0,0.0,0.0,31.7,15.6,10.2,16.0,147.1,12.7,6,3.6
2.0,-4.5,60.1,0.0,0.0,0.0,16.6,12.9,24.5,16.0,142.8,12.4,6,3.1
2.3,-3.4,63.6,0.0,0.0,0.0,14.8,15.0,19.9,16.0,142.4,12.3,6,3.4
3.5,0.8,74.6,0.394,100.0,4.17,31.7,16.8,74.5,15.7,66.0,5.7,4,5.1
6.5,4.1,81.7,0.845,100.0,25.0,27.7,12.4,80.2,13.4,47.3,4.2,2,7.1
4.4,0.3,66.4,0.414,100.0,8.33,38.9,22.8,72.1,15.6,91.0,7.9,4,6.6
0.5,-6.0,56.0,0.0,0.0,0.0,27.7,18.8,18.6,15.1,145.8,12.4,6,2.5
9.7,0.4,51.8,0.0,0.0,0.0,22.3,12.4,51.9,16.0,152.8,13.3,6,10.5
12.0,6.5,70.8,0.389,100.0,12.5,49.3,24.4,73.5,15.7,55.2,4.7,3,12.0
14.6,10.2,74.0,5.048,100.0,41.67,77.3,45.7,87.0,15.6,20.0,1.7,1,15.0
0.7,-10.2,34.8,0.0,0.0,0.0,55.6,32.0,11.5,16.0,170.6,14.8,7,4.6
4.7,-4.7,51.5,1.473,100.0,12.5,34.0,21.1,50.7,16.0,145.5,12.8,7,5.4
7.0,5.9,86.9,13.986,100.0,50.0,25.9,18.2,84.9,12.5,55.3,4.8,2,8.0
11.1,6.8,76.8,0.0,0.0,0.0,13.0,10.8,57.8,15.0,122.6,10.6,7,11.1
13.8,7.9,69.5,1.122,100.0,12.5,37.1,16.8,89.9,15.7,127.1,11.0,7,13.8
10.9,8.6,83.7,14.113,100.0,45.83,35.3,19.2,87.2,13.1,81.6,7.1,5,11.3
11.5,10.1,90.8,4.052,100.0,41.67,22.3,14.7,95.4,11.9,29.0,2.6,1,11.5
13.9,8.4,71.5,1.135,100.0,12.5,40.7,20.4,69.6,15.9,152.5,13.3,7,13.9
10.5,5.0,66.8,0.0,0.0,0.0,40.7,18.6,69.2,16.0,134.3,11.6,7,11.1
6.1,5.7,85.6,17.884,100.0,70.83,40.7,20.6,99.0,11.0,16.9,1.5,1,8.0
3.4,-1.3,57.0,0.987,100.0,16.67,69.6,42.9,78.7,16.0,121.4,10.0,6,7.2
5.3,-7.2,35.5,0.0,0.0,0.0,66.8,38.3,28.3,16.0,201.0,17.4,7,8.1
12.8,-1.7,37.6,0.0,0.0,0.0,46.4,22.5,30.7,16.0,193.7,16.7,7,13.3
13.5,1.2,49.1,0.0,0.0,0.0,33.5,9.6,45.4,16.0,141.5,12.3,6,13.6
16.0,2.9,47.1,0.0,0.0,0.0,27.7,14.5,35.1,16.0,190.0,16.4,7,16.0
18.7,8.7,52.8,0.56,100.0,12.5,43.0,20.8,79.8,16.0,61.8,5.4,3,18.7
13.3,2.4,48.8,0.0,0.0,0.0,37.1,24.0,37.3,16.0,209.5,18.1,7,13.5
14.5,2.0,48.2,0.0,0.0,0.0,45.6,22.0,63.1,16.0,138.8,11.9,7,14.7
4.9,-6.4,36.6,0.0,0.0,0.0,59.8,33.0,55.9,16.0,193.5,16.6,8,7.8
3.5,-7.6,37.9,0.0,0.0,0.0,53.5,27.4,50.9,16.0,225.1,19.6,8,6.3
9.3,-4.6,37.4,0.0,0.0,0.0,67.0,40.7,32.6,16.0,216.8,18.8,8,10.6
2.1,-10.7,32.0,0.0,0.0,0.0,60.4,23.7,16.3,16.0,219.9,19.2,8,5.1
4.8,-4.3,49.6,0.371,100.0,4.17,37.1,19.4,61.6,15.9,113.0,9.9,5,5.8
5.1,3.6,77.1,32.861,100.0,58.33,65.2,40.2,86.4,13.2,63.3,5.3,4,7.6
2.3,-7.4,40.8,0.0,0.0,0.0,51.1,30.6,1.5,16.0,230.6,20.0,8,5.3
6.5,-2.8,53.6,0.0,0.0,0.0,24.1,16.2,10.3,16.0,228.2,19.8,8,6.9
8.2,0.3,58.8,0.168,100.0,4.17,22.3,17.3,70.5,16.0,170.3,14.9,7,8.5
7.8,6.7,87.1,11.044,100.0,50.0,20.5,14.4,99.9,12.6,36.7,3.2,2,8.8
9.5,3.8,68.6,2.946,100.0,29.17,40.7,21.9,82.5,14.6,48.0,4.2,2,10.0
9.7,-4.3,39.1,0.0,0.0,0.0,65.9,43.2,23.7,16.0,225.0,19.5,8,10.5
10.5,0.1,50.5,0.118,100.0,4.17,40.7,14.3,49.3,16.0,110.7,9.7,6,10.6
13.3,7.4,69.7,0.24,100.0,8.33,27.7,18.9,66.9,15.6,105.8,9.3,4,13.3
12.4,9.8,83.9,3.906,100.0,33.33,27.7,17.3,99.5,14.9,50.0,4.3,3,12.4
10.6,9.1,89.4,7.734,100.0,41.67,33.5,19.3,99.7,12.2,22.8,1.9,1,10.8
9.0,8.2,88.6,15.218,100.0,62.5,59.4,26.1,98.2,10.4,35.5,3.0,2,10.0
7.2,2.2,68.2,1.1,100.0,16.67,70.4,33.0,57.6,15.3,160.4,13.7,8,8.1
6.6,-0.7,55.0,0.0,0.0,0.0,55.8,30.7,55.1,16.0,235.7,20.4,10,8.2
7.0,-1.2,50.3,0.0,0.0,0.0,57.5,36.0,57.5,16.0,104.0,9.0,4,8.8
11.0,-0.3,45.2,0.0,0.0,0.0,40.7,22.5,21.9,15.9,239.7,20.7,9,11.9
13.5,3.5,55.2,0.0,0.0,0.0,38.9,18.3,50.0,16.0,210.7,18.3,9,13.5
18.0,9.1,58.4,0.0,0.0,0.0,16.6,16.8,65.8,16.0,154.6,13.3,7,18.0
20.6,12.2,60.1,0.0,0.0,0.0,35.3,14.9,78.9,16.0,172.8,15.2,10,20.6
19.4,15.2,77.2,0.264,100.0,12.5,51.8,26.0,90.6,15.5,78.5,6.9,7,19.4
17.7,8.4,58.1,1.923,100.0,33.33,61.3,34.6,76.1,15.8,190.7,16.5,10,17.7
15.7,0.3,36.1,0.0,0.0,0.0,71.1,42.3,43.8,16.0,248.0,21.3,9,15.7
17.9,4.3,42.6,0.0,0.0,0.0,59.1,32.1,17.6,16.0,253.1,22.1,8,18.2
22.5,11.3,50.0,1.132,100.0,4.17,66.6,18.5,61.5,15.9,168.8,14.8,9,22.6
19.7,4.6,38.2,0.0,0.0,0.0,40.7,18.0,37.8,15.9,282.4,24.4,9,19.7
18.4,8.8,54.5,0.0,0.0,0.0,27.7,16.5,75.8,16.0,138.0,12.0,8,18.4
19.7,11.9,64.9,0.0,0.0,0.0,47.9,26.2,52.0,15.2,249.2,21.5,10,19.7
12.8,9.5,80.1,0.388,100.0,8.33,20.5,14.8,98.5,15.6,49.0,4.1,2,12.8
16.9,6.2,57.3,0.38,100.0,8.33,51.6,24.5,72.9,15.9,242.6,21.2,9,16.9
10.1,-2.3,40.7,0.0,0.0,0.0,41.5,22.3,69.6,16.0,115.9,10.0,4,10.7
10.3,-2.5,40.8,0.0,0.0,0.0,38.9,15.9,17.4,15.8,264.6,23.0,9,11.2
14.1,1.6,49.0,0.0,0.0,0.0,38.9,21.7,35.2,15.9,266.8,23.1,9,14.1
18.8,4.9,41.2,0.0,0.0,0.0,50.3,23.9,64.6,16.0,260.6,22.7,10,18.8
13.3,5.1,58.2,0.0,0.0,0.0,31.7,17.0,73.7,16.0,131.5,11.4,7,13.3
12.4,1.4,51.9,0.0,0.0,0.0,33.5,19.0,68.7,15.8,240.3,20.8,9,12.6
12.9,7.8,72.2,2.184,100.0,16.67,27.7,14.6,96.9,15.6,45.3,3.9,2,12.9
19.5,13.7,72.1,0.0,0.0,0.0,27.7,16.0,56.7,14.5,260.2,22.4,9,19.5
24.3,15.5,61.3,0.0,0.0,0.0,31.7,17.3,20.4,15.8,255.6,22.1,9,24.3
23.3,14.2,58.0,1.656,100.0,8.33,37.3,20.2,53.8,15.7,220.4,19.0,10,23.3
22.3,13.3,61.2,0.095,100.0,8.33,29.5,15.5,41.5,15.9,298.4,25.8,10,22.6
23.2,14.1,60.3,0.0,0.0,0.0,31.7,14.3,23.0,16.0,285.8,24.5,9,23.5
20.1,13.0,64.6,0.0,0.0,0.0,40.7,21.6,53.0,16.0,220.0,18.8,8,20.1
12.1,10.4,89.4,20.531,100.0,66.67,25.9,12.7,99.8,9.6,28.1,2.5,1,12.1
16.3,14.6,90.1,9.47,100.0,62.5,25.9,8.8,98.1,13.3,65.6,5.9,2,16.3
21.0,18.1,84.1,0.362,100.0,12.5,13.0,8.4,91.9,13.8,109.5,9.4,8,21.0
22.3,18.9,81.6,0.305,100.0,12.5,13.0,13.8,82.1,12.4,213.3,18.6,10,22.3
24.8,17.1,66.0,0.0,0.0,0.0,41.5,19.6,66.9,14.5,205.4,17.6,8,24.7
20.2,14.0,68.3,0.822,100.0,12.5,24.1,14.3,78.5,13.6,104.8,9.1,6,20.2
14.1,11.9,86.9,2.108,100.0,41.67,35.3,15.0,97.1,11.9,28.5,2.5,1,14.1
13.2,7.8,71.7,3.175,100.0,25.0,29.5,14.3,72.4,14.7,235.7,20.4,10,13.3
14.6,8.3,68.5,10.901,100.0,25.0,72.0,28.1,79.3,15.6,160.4,13.9,6,14.7
17.5,9.8,64.7,0.0,0.0,0.0,35.9,19.1,24.8,15.7,300.3,25.8,9,17.5
17.8,14.7,82.5,6.44,100.0,41.67,41.7,14.1,85.0,14.6,43.8,3.8,2,17.8
17.3,15.1,86.5,2.111,100.0,50.0,27.7,14.3,96.9,13.2,65.5,5.6,4,17.3
20.6,13.8,68.1,0.0,0.0,0.0,42.3,22.7,40.6,15.1,259.7,22.3,10,20.6
18.8,14.5,76.4,0.0,0.0,0.0,20.5,14.0,85.7,15.2,78.6,6.7,4,18.8
17.1,15.1,88.1,15.539,100.0,54.17,20.5,10.7,93.1,12.0,50.5,4.2,2,17.1
19.7,15.3,76.6,0.0,0.0,0.0,11.2,10.2,82.0,14.9,143.5,12.3,8,19.7
19.7,15.6,79.0,0.0,0.0,0.0,13.0,10.0,70.7,13.2,231.8,19.9,10,19.7
22.3,15.9,70.1,0.0,0.0,0.0,27.7,16.6,39.9,15.2,282.1,24.2,10,22.3
25.2,18.3,70.3,0.0,0.0,0.0,24.1,14.8,39.1,15.9,261.9,22.5,9,24.4
24.9,18.9,71.3,0.788,100.0,12.5,25.9,13.3,70.6,15.5,153.7,13.2,9,24.7
24.5,17.5,67.8,0.094,100.0,4.17,9.4,11.0,65.3,15.7,223.2,19.3,8,24.5
24.9,17.9,68.8,8.518,100.0,12.5,55.4,18.3,58.4,14.6,267.4,22.9,9,24.7
25.4,19.2,72.8,1.212,100.0,8.33,51.9,17.7,60.7,15.6,247.0,21.3,9,24.8
23.1,19.4,81.6,5.869,100.0,16.67,59.0,22.0,71.7,15.2,137.2,11.8,6,22.8
22.1,14.7,65.7,3.569,100.0,16.67,63.9,21.6,39.6,14.9,244.0,21.0,10,22.1
18.1,13.5,75.8,3.879,100.0,20.83,60.8,12.5,47.4,15.0,168.2,14.5,8,18.1
18.7,9.1,56.5,0.088,100.0,4.17,50.0,20.6,32.3,15.9,236.2,20.4,10,18.7
18.5,5.8,45.9,0.0,0.0,0.0,37.2,22.5,12.3,16.0,293.9,25.4,10,18.5
20.1,9.5,53.7,0.0,0.0,0.0,13.0,15.9,39.1,15.5,320.3,27.9,10,20.2
22.2,14.5,63.2,0.0,0.0,0.0,42.5,17.8,71.0,15.7,202.0,17.4,9,22.1
25.0,17.7,66.2,0.094,100.0,4.17,11.2,11.1,64.2,15.6,250.7,21.6,10,24.7
25.9,18.4,67.7,0.0,0.0,0.0,44.6,17.3,38.9,15.8,288.8,25.0,10,25.4
24.8,21.3,82.2,4.665,100.0,16.67,29.9,17.8,84.1,14.8,103.1,9.0,5,24.6
27.2,21.3,74.6,0.118,100.0,4.17,53.6,22.4,64.9,15.8,158.9,13.8,8,26.2
24.9,12.7,49.0,0.118,100.0,4.17,50.9,27.7,52.1,15.8,292.4,25.3,10,25.3
22.9,10.9,48.1,0.0,0.0,0.0,37.1,20.0,36.1,16.0,297.3,25.7,10,23.1
23.6,12.3,50.4,0.512,100.0,4.17,53.6,26.7,72.3,15.8,187.7,16.2,8,23.6
22.3,10.7,49.3,0.304,100.0,12.5,37.5,21.1,54.4,15.9,238.1,20.4,9,22.3
20.2,11.9,60.4,0.094,100.0,4.17,44.6,20.7,63.5,16.0,271.9,23.6,10,20.2
21.3,12.8,61.1,0.0,0.0,0.0,14.8,13.0,46.2,16.0,241.5,20.9,10,21.3
26.1,18.1,65.5,0.0,0.0,0.0,37.1,19.6,33.6,15.9,298.0,25.7,10,25.5
27.3,18.1,60.0,0.578,100.0,8.33,50.0,20.7,50.2,16.0,221.8,19.1,10,26.9
23.9,14.1,57.6,0.0,0.0,0.0,35.3,18.3,26.8,16.0,338.2,29.3,10,24.2
23.8,14.3,57.4,0.0,0.0,0.0,33.5,18.3,44.1,16.0,317.7,27.5,10,23.9
27.7,18.2,60.3,0.0,0.0,0.0,33.5,18.3,34.6,16.0,293.8,25.3,9,26.5
28.5,19.2,61.5,0.0,0.0,0.0,37.1,18.3,28.5,16.0,303.5,26.3,9,27.5
26.6,17.5,60.7,0.0,0.0,0.0,25.9,15.7,55.8,16.0,301.8,26.0,9,26.4
27.0,18.5,63.5,0.0,0.0,0.0,14.8,14.6,55.9,16.0,287.6,24.8,10,26.5
29.0,19.0,60.6,0.0,0.0,0.0,14.8,16.8,20.7,15.9,311.8,27.0,10,28.1
31.9,19.8,55.3,0.0,0.0,0.0,35.3,15.5,18.1,15.9,302.5,26.3,9,30.3
33.6,20.1,52.5,0.0,0.0,0.0,47.1,23.1,57.3,16.0,219.1,19.3,9,31.4
28.6,15.2,46.5,0.0,0.0,0.0,46.7,34.1,41.0,16.0,321.9,27.8,10,28.6
25.6,12.9,47.4,0.0,0.0,0.0,39.9,18.0,39.2,16.0,257.9,22.3,9,26.0
29.9,18.4,54.8,9.204,100.0,8.33,61.1,39.7,53.6,15.6,248.2,21.5,10,29.2
26.0,18.1,65.5,2.696,100.0,16.67,31.7,14.9,53.8,15.9,239.8,20.6,8,25.9
24.6,14.7,55.1,0.0,2.0,0.0,25.9,16.6,26.0,16.2,283.4,24.3,8,24.6
29.0,22.0,75.4,1.9,61.0,16.67,29.5,16.6,65.7,16.3,170.3,14.6,4,26.9
32.0,23.2,71.9,1.4,61.0,16.67,22.0,13.0,56.5,19.5,272.3,23.6,7,29.0
23.4,14.6,59.0,1.0,61.0,12.5,27.0,17.3,13.3,24.1,358.5,31.0,8,23.4
23.4,13.9,56.1,4.4,3.0,8.33,15.5,10.4,21.5,24.1,354.5,30.5,8,23.5
26.6,17.2,59.4,0.0,15.0,0.0,17.6,11.5,34.6,24.1,190.1,16.4,5,26.2
30.3,20.5,62.2,0.0,40.0,0.0,15.1,9.0,48.8,24.1,179.6,15.5,5,28.6
28.4,21.4,71.5,0.0,40.0,0.0,38.9,11.2,74.5,22.0,164.3,14.0,5,27.4
27.7,20.9,72.0,0.4,29.0,8.33,45.0,14.4,75.7,23.4,208.8,18.2,6,26.9
26.1,15.7,54.6,0.9,16.1,4.17,33.1,12.2,2.3,24.1,343.0,29.4,9,26.2
26.9,13.5,44.6,0.0,19.4,0.0,31.3,10.4,6.5,24.1,343.9,29.5,9,27.2
30.0,18.9,56.6,1.8,12.9,4.17,42.5,21.2,48.7,24.1,311.3,26.7,9,29.4
28.7,20.2,65.2,0.0,16.1,0.0,40.3,17.3,91.4,24.1,163.4,14.1,5,27.6
32.8,19.8,53.1,14.9,38.7,16.67,47.5,24.1,28.2,24.1,328.8,28.3,9,31.2
